"name","size"
"typeB_aichi_2019_12.zip", 356.48M
"typeB_akita_2019_12.zip", 103.43M
"typeB_aomori_2019_12.zip", 434.25M
"typeB_asahikawa_2019_12.zip", 275M
"typeB_chiba_2019_12.zip", 684.37M
"typeB_ehime_2019_12.zip", 402.07M
"typeB_fukui_2019_12.zip", 236.93M
"typeB_fukuoka_2019_12.zip",   1.24G
"typeB_fukushima_2019_12.zip", 296.62M
"typeB_gifu_2019_12.zip", 164.08M
"typeB_gumma_2019_12.zip", 498.6M
"typeB_hakodate_2019_12.zip", 241.15M
"typeB_hiroshima_2019_12.zip", 185.88M
"typeB_hyogo_2019_12.zip", 485.8M
"typeB_ibaraki_2019_12.zip", 810.85M
"typeB_ishikawa_2019_12.zip", 359.28M
"typeB_iwate_2019_12.zip", 664.99M
"typeB_kagawa_2019_12.zip", 173.2M
"typeB_kagoshima_2019_12.zip", 461.93M
"typeB_kanagawa_2019_12.zip",   1.53G
"typeB_kitami_2019_12.zip", 189.22M
"typeB_kochi_2019_12.zip", 263.42M
"typeB_kumamoto_2019_12.zip", 523.32M
"typeB_kushiro_2019_12.zip", 311.59M
"typeB_kyoto_2019_12.zip", 587.04M
"typeB_mie_2019_12.zip", 232.8M
"typeB_miyagi_2019_12.zip", 565.61M
"typeB_miyazaki_2019_12.zip", 375.71M
"typeB_nagano_2019_12.zip", 707.13M
"typeB_nagasaki_2019_12.zip", 132.43M
"typeB_nara_2019_12.zip", 768.74M
"typeB_niigata_2019_12.zip", 532.48M
"typeB_oita_2019_12.zip", 372.71M
"typeB_okayama_2019_12.zip", 225.83M
"typeB_okinawa_2019_12.zip", 360.41M
"typeB_osaka_2019_12.zip",   1.13G
"typeB_saga_2019_12.zip", 184.78M
"typeB_saitama_2019_12.zip", 727.38M
"typeB_sapporo_2019_12.zip",   1.09G
"typeB_shiga_2019_12.zip", 287.2M
"typeB_shimane_2019_12.zip", 252.46M
"typeB_shizuoka_2019_12.zip", 327.51M
"typeB_tochigi_2019_12.zip", 153.2M
"typeB_tokushima_2019_12.zip", 164.06M
"typeB_tokyo_2019_12.zip",   1.15G
"typeB_tottori_2019_12.zip", 286.85M
"typeB_toyama_2019_12.zip", 378.43M
"typeB_wakayama_2019_12.zip", 337.38M
"typeB_yamagata_2019_12.zip", 360.65M
"typeB_yamaguchi_2019_12.zip", 180.47M
"typeB_yamanashi_2019_12.zip", 107.92M
"typeB_fukushima_2020_02.zip", 276.4M
"typeB_yamagata_2020_02.zip", 336.09M
"typeB_akita_2020_02.zip",  95.82M
"typeB_miyagi_2020_02.zip", 525.08M
"typeB_iwate_2020_02.zip", 621.29M
"typeB_aomori_2020_02.zip", 403.62M
"typeB_kitami_2020_02.zip", 174.63M
"typeB_kushiro_2020_02.zip", 289.71M
"typeB_asahikawa_2020_02.zip", 254.62M
"typeB_hakodate_2020_02.zip", 225.91M
"typeB_sapporo_2020_02.zip",   1.02G
"typeB_ibaraki_2020_02.zip", 747.7M
"typeB_yamanashi_2020_02.zip",  98.91M
"typeB_kanagawa_2020_02.zip",   1.43G
"typeB_tokyo_2020_02.zip",   1.07G
"typeB_chiba_2020_02.zip", 629.85M
"typeB_saitama_2020_02.zip", 670.79M
"typeB_tochigi_2020_02.zip", 138.11M
"typeB_gumma_2020_02.zip", 464.98M
"typeB_kumamoto_2020_02.zip", 491.81M
"typeB_oita_2020_02.zip", 347.61M
"typeB_miyazaki_2020_02.zip", 354.93M
"typeB_kagoshima_2020_02.zip", 427.6M
"typeB_nagasaki_2020_02.zip", 123.85M
"typeB_aichi_2020_02.zip", 332.52M
"typeB_shizuoka_2020_02.zip", 302.22M
"typeB_gifu_2020_02.zip", 155.75M
"typeB_fukui_2020_02.zip", 217.6M
"typeB_ishikawa_2020_02.zip", 330.94M
"typeB_toyama_2020_02.zip", 351.27M
"typeB_niigata_2020_02.zip", 492.4M
"typeB_nagano_2020_02.zip", 652.37M
"typeB_hiroshima_2020_02.zip", 171.95M
"typeB_okayama_2020_02.zip", 212.26M
"typeB_shimane_2020_02.zip", 235.17M
"typeB_tottori_2020_02.zip", 267.87M
"typeB_wakayama_2020_02.zip", 312.17M
"typeB_nara_2020_02.zip", 714.31M
"typeB_hyogo_2020_02.zip", 461.45M
"typeB_osaka_2020_02.zip",   1.05G
"typeB_kyoto_2020_02.zip", 547.52M
"typeB_shiga_2020_02.zip", 271.74M
"typeB_mie_2020_02.zip", 217.05M
"typeB_fukuoka_2020_02.zip",   1.14G
"typeB_kochi_2020_02.zip", 246.53M
"typeB_ehime_2020_02.zip", 373.27M
"typeB_kagawa_2020_02.zip", 160.84M
"typeB_tokushima_2020_02.zip", 151.89M
"typeB_yamaguchi_2020_02.zip", 170M
"typeB_okinawa_2020_02.zip", 334.9M
"typeB_saga_2020_02.zip", 170.88M
"typeB_tochigi_2020_03.zip", 146.41M
"typeB_ibaraki_2020_03.zip", 803.46M
"typeB_fukushima_2020_03.zip", 296.55M
"typeB_yamagata_2020_03.zip", 364.88M
"typeB_akita_2020_03.zip", 102.87M
"typeB_miyagi_2020_03.zip", 562.4M
"typeB_iwate_2020_03.zip", 663.81M
"typeB_aomori_2020_03.zip", 429.87M
"typeB_kitami_2020_03.zip", 187.58M
"typeB_kushiro_2020_03.zip", 308.94M
"typeB_asahikawa_2020_03.zip", 274.53M
"typeB_hakodate_2020_03.zip", 242.28M
"typeB_sapporo_2020_03.zip",   1.11G
"typeB_kyoto_2020_03.zip", 593.25M
"typeB_shiga_2020_03.zip", 289.67M
"typeB_mie_2020_03.zip", 232.97M
"typeB_aichi_2020_03.zip", 357.16M
"typeB_shizuoka_2020_03.zip", 325.52M
"typeB_gifu_2020_03.zip", 165.66M
"typeB_fukui_2020_03.zip", 237.35M
"typeB_ishikawa_2020_03.zip", 351.95M
"typeB_toyama_2020_03.zip", 380.96M
"typeB_niigata_2020_03.zip", 542.47M
"typeB_nagano_2020_03.zip", 694.23M
"typeB_yamanashi_2020_03.zip", 105.44M
"typeB_kanagawa_2020_03.zip",   1.51G
"typeB_tokyo_2020_03.zip",   1.14G
"typeB_chiba_2020_03.zip", 674.14M
"typeB_saitama_2020_03.zip", 706.97M
"typeB_gumma_2020_03.zip", 495.58M
"typeB_osaka_2020_03.zip",   1.01G
"typeB_okayama_2020_03.zip", 226.23M
"typeB_shimane_2020_03.zip", 252.07M
"typeB_tottori_2020_03.zip", 292.84M
"typeB_wakayama_2020_03.zip", 332.72M
"typeB_nara_2020_03.zip", 763.41M
"typeB_hyogo_2020_03.zip", 495.73M
"typeB_saga_2020_03.zip", 179.04M
"typeB_fukuoka_2020_03.zip",   1.24G
"typeB_kochi_2020_03.zip", 262.62M
"typeB_ehime_2020_03.zip", 407.06M
"typeB_kagawa_2020_03.zip", 173.26M
"typeB_tokushima_2020_03.zip", 165.21M
"typeB_yamaguchi_2020_03.zip", 181.55M
"typeB_hiroshima_2020_03.zip", 186.23M
"typeB_okinawa_2020_03.zip", 358.87M
"typeB_kagoshima_2020_03.zip", 462.23M
"typeB_miyazaki_2020_03.zip", 383.99M
"typeB_oita_2020_03.zip", 370.68M
"typeB_kumamoto_2020_03.zip", 540.73M
"typeB_nagasaki_2020_03.zip", 132.32M
"typeB_iwate_2020_04.zip", 643.94M
"typeB_aomori_2020_04.zip", 414.58M
"typeB_kitami_2020_04.zip", 181.87M
"typeB_kushiro_2020_04.zip", 299.68M
"typeB_asahikawa_2020_04.zip", 266.5M
"typeB_hakodate_2020_04.zip", 233.83M
"typeB_sapporo_2020_04.zip",   1.07G
"typeB_tochigi_2020_04.zip", 139.81M
"typeB_ibaraki_2020_04.zip", 776.72M
"typeB_fukushima_2020_04.zip", 286.39M
"typeB_yamagata_2020_04.zip", 354.25M
"typeB_akita_2020_04.zip", 100.99M
"typeB_miyagi_2020_04.zip", 547.77M
"typeB_gumma_2020_04.zip", 479.96M
"typeB_saitama_2020_04.zip", 691.96M
"typeB_chiba_2020_04.zip", 657.56M
"typeB_tokyo_2020_04.zip",   1.06G
"typeB_kanagawa_2020_04.zip",   1.49G
"typeB_yamanashi_2020_04.zip",  96.09M
"typeB_fukui_2020_04.zip", 235.4M
"typeB_ishikawa_2020_04.zip", 339.15M
"typeB_toyama_2020_04.zip", 361.26M
"typeB_nagano_2020_04.zip", 669.46M
"typeB_niigata_2020_04.zip", 528.28M
"typeB_gifu_2020_04.zip", 156.92M
"typeB_kyoto_2020_04.zip", 576.4M
"typeB_osaka_2020_04.zip",   1.08G
"typeB_shiga_2020_04.zip", 280.18M
"typeB_mie_2020_04.zip", 224.19M
"typeB_shizuoka_2020_04.zip", 315.38M
"typeB_aichi_2020_04.zip", 346.96M
"typeB_hyogo_2020_04.zip", 475.43M
"typeB_okayama_2020_04.zip", 217.8M
"typeB_shimane_2020_04.zip", 238.78M
"typeB_tottori_2020_04.zip", 282M
"typeB_wakayama_2020_04.zip", 328.11M
"typeB_nara_2020_04.zip", 741.22M
"typeB_ehime_2020_04.zip", 389.13M
"typeB_kagawa_2020_04.zip", 166.03M
"typeB_kochi_2020_04.zip", 251.47M
"typeB_tokushima_2020_04.zip", 158.97M
"typeB_yamaguchi_2020_04.zip", 175.46M
"typeB_oita_2020_04.zip", 361.04M
"typeB_miyazaki_2020_04.zip", 374.82M
"typeB_kumamoto_2020_04.zip", 559.31M
"typeB_saga_2020_04.zip", 174.8M
"typeB_nagasaki_2020_04.zip", 128M
"typeB_fukuoka_2020_04.zip",   1.19G
"typeB_kagoshima_2020_04.zip", 449.56M
"typeB_okinawa_2020_04.zip", 342.43M
"typeB_okinawa_2020_05.zip", 353.88M
"typeB_fukuoka_2020_05.zip",   1.23G
"typeB_saga_2020_05.zip", 179.73M
"typeB_nagasaki_2020_05.zip", 132.22M
"typeB_kumamoto_2020_05.zip", 586.64M
"typeB_oita_2020_05.zip", 372.75M
"typeB_miyazaki_2020_05.zip", 388.71M
"typeB_kagoshima_2020_05.zip", 464.98M
"typeB_hiroshima_2020_05.zip", 183.48M
"typeB_yamaguchi_2020_05.zip", 181.7M
"typeB_tokushima_2020_05.zip", 163.92M
"typeB_kagawa_2020_05.zip", 171.62M
"typeB_ehime_2020_05.zip", 401.94M
"typeB_kochi_2020_05.zip", 260.31M
"typeB_hyogo_2020_05.zip", 492.65M
"typeB_nara_2020_05.zip", 764.31M
"typeB_wakayama_2020_05.zip", 339.27M
"typeB_tottori_2020_05.zip", 288.69M
"typeB_shimane_2020_05.zip", 243.87M
"typeB_okayama_2020_05.zip", 225.1M
"typeB_osaka_2020_05.zip",   1.12G
"typeB_kitami_2020_05.zip", 187.68M
"typeB_kushiro_2020_05.zip", 309.9M
"typeB_asahikawa_2020_05.zip", 274.76M
"typeB_sapporo_2020_05.zip",   1.11G
"typeB_tokyo_2020_05.zip",   1.08G
"typeB_hakodate_2020_05.zip", 241.08M
"typeB_iwate_2020_05.zip", 664.23M
"typeB_aomori_2020_05.zip", 429.06M
"typeB_miyagi_2020_05.zip", 563.87M
"typeB_saitama_2020_05.zip", 714.01M
"typeB_gumma_2020_05.zip", 495.4M
"typeB_tochigi_2020_05.zip", 139.46M
"typeB_fukushima_2020_05.zip", 294.18M
"typeB_akita_2020_05.zip", 102.67M
"typeB_ibaraki_2020_05.zip", 807.25M
"typeB_yamagata_2020_05.zip", 365.9M
"typeB_chiba_2020_05.zip", 678.54M
"typeB_fukui_2020_05.zip", 242.66M
"typeB_toyama_2020_05.zip", 368.82M
"typeB_gifu_2020_05.zip", 161.66M
"typeB_niigata_2020_05.zip", 543.92M
"typeB_ishikawa_2020_05.zip", 349.57M
"typeB_nagano_2020_05.zip", 690.84M
"typeB_kanagawa_2020_05.zip",   1.54G
"typeB_yamanashi_2020_05.zip",  99.04M
"typeB_shizuoka_2020_05.zip", 323.35M
"typeB_mie_2020_05.zip", 230.54M
"typeB_shiga_2020_05.zip", 288.55M
"typeB_aichi_2020_05.zip", 357.7M
"typeB_kyoto_2020_05.zip", 592.54M
"typeB_saga_2020_06.zip", 173.94M
"typeB_nagasaki_2020_06.zip", 128.07M
"typeB_kumamoto_2020_06.zip", 572.32M
"typeB_oita_2020_06.zip", 361.61M
"typeB_miyazaki_2020_06.zip", 377.69M
"typeB_kagoshima_2020_06.zip", 451.19M
"typeB_okinawa_2020_06.zip", 344.19M
"typeB_ibaraki_2020_06.zip", 779.75M
"typeB_tokyo_2020_06.zip",   1.09G
"typeB_ehime_2020_06.zip", 393.78M
"typeB_kochi_2020_06.zip", 256.6M
"typeB_fukuoka_2020_06.zip",   1.2G
"typeB_shimane_2020_06.zip", 240.13M
"typeB_okayama_2020_06.zip", 218.91M
"typeB_hiroshima_2020_06.zip", 178.92M
"typeB_yamaguchi_2020_06.zip", 174.94M
"typeB_tokushima_2020_06.zip", 159.26M
"typeB_kagawa_2020_06.zip", 167.07M
"typeB_toyama_2020_06.zip", 365.67M
"typeB_ishikawa_2020_06.zip", 343.22M
"typeB_fukui_2020_06.zip", 236.21M
"typeB_gifu_2020_06.zip", 159.63M
"typeB_shizuoka_2020_06.zip", 313.88M
"typeB_aichi_2020_06.zip", 347.35M
"typeB_mie_2020_06.zip", 225.84M
"typeB_shiga_2020_06.zip", 278.77M
"typeB_kyoto_2020_06.zip", 575.84M
"typeB_osaka_2020_06.zip",   1.09G
"typeB_hyogo_2020_06.zip", 481.2M
"typeB_nara_2020_06.zip", 738.75M
"typeB_wakayama_2020_06.zip", 329.79M
"typeB_gumma_2020_06.zip", 480.43M
"typeB_saitama_2020_06.zip", 703.81M
"typeB_chiba_2020_06.zip", 656.53M
"typeB_kanagawa_2020_06.zip",   1.5G
"typeB_yamanashi_2020_06.zip", 100.25M
"typeB_nagano_2020_06.zip", 677.52M
"typeB_niigata_2020_06.zip", 526.29M
"typeB_fukushima_2020_06.zip", 286.11M
"typeB_tochigi_2020_06.zip", 144.93M
"typeB_sapporo_2020_06.zip",   1.09G
"typeB_hakodate_2020_06.zip", 233.11M
"typeB_asahikawa_2020_06.zip", 265.72M
"typeB_kushiro_2020_06.zip", 302.6M
"typeB_kitami_2020_06.zip", 181.77M
"typeB_aomori_2020_06.zip", 418.32M
"typeB_iwate_2020_06.zip", 640.54M
"typeB_miyagi_2020_06.zip", 546.52M
"typeB_akita_2020_06.zip", 100.37M
"typeB_yamagata_2020_06.zip", 350.02M
"typeB_tottori_2020_06.zip", 280.04M
"typeB_kushiro_2020_07.zip", 312.9M
"typeB_asahikawa_2020_07.zip", 274.2M
"typeB_hakodate_2020_07.zip", 241.83M
"typeB_sapporo_2020_07.zip",   1.12G
"typeB_yamanashi_2020_07.zip", 105.3M
"typeB_kanagawa_2020_07.zip",   1.54G
"typeB_tokyo_2020_07.zip",   1.15G
"typeB_chiba_2020_07.zip", 676.14M
"typeB_saitama_2020_07.zip", 726.97M
"typeB_gumma_2020_07.zip", 497.07M
"typeB_tochigi_2020_07.zip", 148.86M
"typeB_ibaraki_2020_07.zip", 803.7M
"typeB_fukushima_2020_07.zip", 292.51M
"typeB_yamagata_2020_07.zip", 362.55M
"typeB_akita_2020_07.zip", 103.61M
"typeB_miyagi_2020_07.zip", 565.34M
"typeB_iwate_2020_07.zip", 660.88M
"typeB_aomori_2020_07.zip", 433.42M
"typeB_kitami_2020_07.zip", 187.62M
"typeB_gifu_2020_07.zip", 164.67M
"typeB_fukui_2020_07.zip", 244.24M
"typeB_ishikawa_2020_07.zip", 355.35M
"typeB_toyama_2020_07.zip", 382.76M
"typeB_niigata_2020_07.zip", 542.53M
"typeB_nagano_2020_07.zip", 696.3M
"typeB_osaka_2020_07.zip",   1.14G
"typeB_kyoto_2020_07.zip", 594.3M
"typeB_shiga_2020_07.zip", 287.12M
"typeB_mie_2020_07.zip", 231.7M
"typeB_aichi_2020_07.zip", 359.88M
"typeB_shizuoka_2020_07.zip", 324.33M
"typeB_okayama_2020_07.zip", 225.84M
"typeB_shimane_2020_07.zip", 247.89M
"typeB_tottori_2020_07.zip", 289.59M
"typeB_wakayama_2020_07.zip", 339.6M
"typeB_nara_2020_07.zip", 761.04M
"typeB_hyogo_2020_07.zip", 498.67M
"typeB_kochi_2020_07.zip", 266.07M
"typeB_ehime_2020_07.zip", 405.15M
"typeB_kagawa_2020_07.zip", 172.74M
"typeB_tokushima_2020_07.zip", 164.37M
"typeB_yamaguchi_2020_07.zip", 180.93M
"typeB_hiroshima_2020_07.zip", 186.07M
"typeB_okinawa_2020_07.zip", 355.11M
"typeB_kagoshima_2020_07.zip", 463.53M
"typeB_miyazaki_2020_07.zip", 389.14M
"typeB_oita_2020_07.zip", 372.55M
"typeB_kumamoto_2020_07.zip", 594.9M
"typeB_nagasaki_2020_07.zip", 132.45M
"typeB_saga_2020_07.zip", 180.44M
"typeB_fukuoka_2020_07.zip",   1.24G
"typeB_hakodate_2020_08.zip", 240.83M
"typeB_sapporo_2020_08.zip",   1.12G
"typeB_kitami_2020_08.zip", 186.91M
"typeB_kushiro_2020_08.zip", 312.63M
"typeB_asahikawa_2020_08.zip", 273.61M
"typeB_tochigi_2020_08.zip", 147.96M
"typeB_ibaraki_2020_08.zip", 799.08M
"typeB_fukushima_2020_08.zip", 295.3M
"typeB_yamagata_2020_08.zip", 362.28M
"typeB_akita_2020_08.zip", 100.81M
"typeB_miyagi_2020_08.zip", 563.11M
"typeB_iwate_2020_08.zip", 659.62M
"typeB_aomori_2020_08.zip", 433.31M
"typeB_yamanashi_2020_08.zip", 105.34M
"typeB_kanagawa_2020_08.zip",   1.54G
"typeB_tokyo_2020_08.zip",   1.15G
"typeB_chiba_2020_08.zip", 675.19M
"typeB_saitama_2020_08.zip", 723.13M
"typeB_gumma_2020_08.zip", 488.68M
"typeB_ishikawa_2020_08.zip", 346.79M
"typeB_toyama_2020_08.zip", 381.03M
"typeB_niigata_2020_08.zip", 540.03M
"typeB_nagano_2020_08.zip", 698.5M
"typeB_mie_2020_08.zip", 231.15M
"typeB_osaka_2020_08.zip",   1.13G
"typeB_shiga_2020_08.zip", 284.65M
"typeB_shizuoka_2020_08.zip", 324.26M
"typeB_fukui_2020_08.zip", 241.99M
"typeB_aichi_2020_08.zip", 361.76M
"typeB_gifu_2020_08.zip", 163.46M
"typeB_kyoto_2020_08.zip", 594.19M
"typeB_tottori_2020_08.zip", 289.79M
"typeB_wakayama_2020_08.zip", 337.97M
"typeB_okayama_2020_08.zip", 221.43M
"typeB_hyogo_2020_08.zip", 497.11M
"typeB_shimane_2020_08.zip", 244.26M
"typeB_nara_2020_08.zip", 752.62M
"typeB_kagawa_2020_08.zip", 173.26M
"typeB_kochi_2020_08.zip", 266.99M
"typeB_yamaguchi_2020_08.zip", 180.61M
"typeB_ehime_2020_08.zip", 401.1M
"typeB_tokushima_2020_08.zip", 164.67M
"typeB_hiroshima_2020_08.zip", 185.52M
"typeB_okinawa_2020_08.zip", 352.12M
"typeB_kagoshima_2020_08.zip", 463.1M
"typeB_miyazaki_2020_08.zip", 389.82M
"typeB_oita_2020_08.zip", 372.01M
"typeB_kumamoto_2020_08.zip", 591.55M
"typeB_nagasaki_2020_08.zip", 132.41M
"typeB_saga_2020_08.zip", 179.1M
"typeB_fukuoka_2020_08.zip",   1.24G
"typeB_kitami_2020_09.zip", 180.91M
"typeB_kushiro_2020_09.zip", 302.15M
"typeB_asahikawa_2020_09.zip", 265.91M
"typeB_hakodate_2020_09.zip", 231.81M
"typeB_sapporo_2020_09.zip",   1.08G
"typeB_chiba_2020_09.zip", 656.91M
"typeB_saitama_2020_09.zip", 695.27M
"typeB_gumma_2020_09.zip", 480.6M
"typeB_tochigi_2020_09.zip", 145.69M
"typeB_ibaraki_2020_09.zip", 774.69M
"typeB_fukushima_2020_09.zip", 284.58M
"typeB_yamagata_2020_09.zip", 349.88M
"typeB_akita_2020_09.zip",  99.41M
"typeB_miyagi_2020_09.zip", 541.29M
"typeB_iwate_2020_09.zip", 637.51M
"typeB_aomori_2020_09.zip", 412.84M
"typeB_aichi_2020_09.zip", 351.15M
"typeB_shizuoka_2020_09.zip", 312.97M
"typeB_gifu_2020_09.zip", 158.41M
"typeB_fukui_2020_09.zip", 233.11M
"typeB_ishikawa_2020_09.zip", 334.72M
"typeB_toyama_2020_09.zip", 368.88M
"typeB_niigata_2020_09.zip", 523.07M
"typeB_nagano_2020_09.zip", 672.86M
"typeB_yamanashi_2020_09.zip",  99.84M
"typeB_kanagawa_2020_09.zip",   1.5G
"typeB_tokyo_2020_09.zip",   1.12G
"typeB_hiroshima_2020_09.zip", 179.2M
"typeB_okayama_2020_09.zip", 217.8M
"typeB_shimane_2020_09.zip", 235.09M
"typeB_tottori_2020_09.zip", 280.08M
"typeB_wakayama_2020_09.zip", 325.99M
"typeB_nara_2020_09.zip", 729.03M
"typeB_hyogo_2020_09.zip", 478.83M
"typeB_osaka_2020_09.zip",   1.1G
"typeB_kyoto_2020_09.zip", 576.92M
"typeB_shiga_2020_09.zip", 272.93M
"typeB_mie_2020_09.zip", 224.39M
"typeB_okinawa_2020_09.zip", 339.22M
"typeB_kagoshima_2020_09.zip", 445.73M
"typeB_miyazaki_2020_09.zip", 372.78M
"typeB_oita_2020_09.zip", 357.97M
"typeB_kumamoto_2020_09.zip", 573.24M
"typeB_nagasaki_2020_09.zip", 127.85M
"typeB_saga_2020_09.zip", 172.86M
"typeB_fukuoka_2020_09.zip",   1.2G
"typeB_kochi_2020_09.zip", 256.82M
"typeB_ehime_2020_09.zip", 386.22M
"typeB_kagawa_2020_09.zip", 167.49M
"typeB_tokushima_2020_09.zip", 159.28M
"typeB_yamaguchi_2020_09.zip", 174.4M
"typeB_kushiro_2020_10.zip", 310.41M
"typeB_asahikawa_2020_10.zip", 274.75M
"typeB_hakodate_2020_10.zip", 235.88M
"typeB_sapporo_2020_10.zip",   1.11G
"typeB_ibaraki_2020_10.zip", 801.26M
"typeB_tochigi_2020_10.zip", 151.85M
"typeB_fukushima_2020_10.zip", 292.82M
"typeB_yamagata_2020_10.zip", 362.83M
"typeB_akita_2020_10.zip", 101.79M
"typeB_miyagi_2020_10.zip", 560.24M
"typeB_iwate_2020_10.zip", 654.63M
"typeB_aomori_2020_10.zip", 430.92M
"typeB_kitami_2020_10.zip", 187.24M
"typeB_saitama_2020_10.zip", 716.55M
"typeB_tokyo_2020_10.zip",   1.15G
"typeB_aichi_2020_10.zip", 361.27M
"typeB_shizuoka_2020_10.zip", 323.27M
"typeB_gifu_2020_10.zip", 162.81M
"typeB_fukui_2020_10.zip", 241.1M
"typeB_ishikawa_2020_10.zip", 346.35M
"typeB_toyama_2020_10.zip", 384.28M
"typeB_niigata_2020_10.zip", 538.75M
"typeB_nagano_2020_10.zip", 696.15M
"typeB_yamanashi_2020_10.zip", 103.14M
"typeB_kanagawa_2020_10.zip",   1.54G
"typeB_hiroshima_2020_10.zip", 183.28M
"typeB_okayama_2020_10.zip", 225.5M
"typeB_shimane_2020_10.zip", 245.02M
"typeB_tottori_2020_10.zip", 287.94M
"typeB_wakayama_2020_10.zip", 333.82M
"typeB_nara_2020_10.zip", 754.72M
"typeB_hyogo_2020_10.zip", 496.32M
"typeB_osaka_2020_10.zip",   1.13G
"typeB_kyoto_2020_10.zip", 595.49M
"typeB_shiga_2020_10.zip", 282.6M
"typeB_mie_2020_10.zip", 229.72M
"typeB_okinawa_2020_10.zip", 351.12M
"typeB_kagoshima_2020_10.zip", 459.43M
"typeB_miyazaki_2020_10.zip", 385.63M
"typeB_kumamoto_2020_10.zip", 590.98M
"typeB_nagasaki_2020_10.zip", 132.37M
"typeB_saga_2020_10.zip", 178.6M
"typeB_akita_2020_11.zip",  98.74M
"typeB_aomori_2020_11.zip", 415.27M
"typeB_asahikawa_2020_11.zip", 264.52M
"typeB_chiba_2020_11.zip", 649.52M
"typeB_fukui_2020_11.zip", 232.64M
"typeB_fukushima_2020_11.zip", 282.54M
"typeB_gifu_2020_11.zip", 154.92M
"typeB_gumma_2020_11.zip", 479.83M
"typeB_hakodate_2020_11.zip", 225.52M
"typeB_ibaraki_2020_11.zip", 769.61M
"typeB_ishikawa_2020_11.zip", 335.04M
"typeB_iwate_2020_11.zip", 630.41M
"typeB_kanagawa_2020_11.zip",   1.49G
"typeB_kitami_2020_11.zip", 180.68M
"typeB_kushiro_2020_11.zip", 296.8M
"typeB_miyagi_2020_11.zip", 541.24M
"typeB_nagano_2020_11.zip", 667.9M
"typeB_niigata_2020_11.zip", 520M
"typeB_saitama_2020_11.zip", 688.98M
"typeB_sapporo_2020_11.zip",   1.07G
"typeB_tochigi_2020_11.zip", 146.06M
"typeB_tokyo_2020_11.zip",   1.11G
"typeB_toyama_2020_11.zip", 374.29M
"typeB_yamagata_2020_11.zip", 349.43M
"typeB_yamanashi_2020_11.zip",  98.56M
"typeB_aichi_2020_11.zip", 346.31M
"typeB_shizuoka_2020_11.zip", 311.76M
"typeB_ehime_2020_11.zip", 386.06M
"typeB_fukuoka_2020_11.zip",   1.2G
"typeB_hiroshima_2020_11.zip", 176.41M
"typeB_hyogo_2020_11.zip", 477.55M
"typeB_kagawa_2020_11.zip", 166.49M
"typeB_kagoshima_2020_11.zip", 437.56M
"typeB_kochi_2020_11.zip", 254.75M
"typeB_kumamoto_2020_11.zip", 566.11M
"typeB_kyoto_2020_11.zip", 577.09M
"typeB_mie_2020_11.zip", 220.29M
"typeB_miyazaki_2020_11.zip", 372.16M
"typeB_nagasaki_2020_11.zip", 127.47M
"typeB_nara_2020_11.zip", 725.47M
"typeB_oita_2020_11.zip", 358.54M
"typeB_okayama_2020_11.zip", 217.59M
"typeB_okinawa_2020_11.zip", 336.01M
"typeB_osaka_2020_11.zip",   1.08G
"typeB_saga_2020_11.zip", 173.01M
"typeB_shiga_2020_11.zip", 274.69M
"typeB_shimane_2020_11.zip", 234.21M
"typeB_tokushima_2020_11.zip", 157.76M
"typeB_tottori_2020_11.zip", 277.46M
"typeB_wakayama_2020_11.zip", 319.85M
"typeB_yamaguchi_2020_11.zip", 173.67M
"typeB_oita_2020_10.zip", 369.88M
"typeB_fukuoka_2020_10.zip",   1.24G
"typeB_kochi_2020_10.zip", 264.7M
"typeB_ehime_2020_10.zip", 400.21M
"typeB_kagawa_2020_10.zip", 172.63M
"typeB_tokushima_2020_10.zip", 164.41M
"typeB_yamaguchi_2020_10.zip", 180.43M
"typeB_akita_2020_12.zip", 102.28M
"typeB_aomori_2020_12.zip", 428.61M
"typeB_asahikawa_2020_12.zip", 268.87M
"typeB_hakodate_2020_12.zip", 230.91M
"typeB_iwate_2020_12.zip", 654.04M
"typeB_kitami_2020_12.zip", 187.77M
"typeB_kushiro_2020_12.zip", 307.61M
"typeB_miyagi_2020_12.zip", 560.39M
"typeB_sapporo_2020_12.zip",   1.1G
"typeB_fukushima_2020_12.zip", 294.14M
"typeB_ibaraki_2020_12.zip", 797.97M
"typeB_tochigi_2020_12.zip", 148.92M
"typeB_aichi_2020_12.zip", 356.88M
"typeB_chiba_2020_12.zip", 663.85M
"typeB_ehime_2020_12.zip", 397.89M
"typeB_fukui_2020_12.zip", 240.66M
"typeB_fukuoka_2020_12.zip",   1.22G
"typeB_gifu_2020_12.zip", 161.02M
"typeB_gumma_2020_12.zip", 496.96M
"typeB_hiroshima_2020_12.zip", 181.71M
"typeB_hyogo_2020_12.zip", 489.98M
"typeB_ishikawa_2020_12.zip", 344.41M
"typeB_kagawa_2020_12.zip", 172.39M
"typeB_kagoshima_2020_12.zip", 459.01M
"typeB_kanagawa_2020_12.zip",   1.54G
"typeB_kochi_2020_12.zip", 261.3M
"typeB_kumamoto_2020_12.zip", 585.82M
"typeB_kyoto_2020_12.zip", 599.37M
"typeB_mie_2020_12.zip", 227.25M
"typeB_miyazaki_2020_12.zip", 385.91M
"typeB_nagano_2020_12.zip", 688.66M
"typeB_nagasaki_2020_12.zip", 131.84M
"typeB_nara_2020_12.zip", 749.53M
"typeB_niigata_2020_12.zip", 538.53M
"typeB_oita_2020_12.zip", 370.82M
"typeB_okayama_2020_12.zip", 225.59M
"typeB_okinawa_2020_12.zip", 354.12M
"typeB_osaka_2020_12.zip",   1.11G
"typeB_saga_2020_12.zip", 179.94M
"typeB_saitama_2020_12.zip", 712.75M
"typeB_shiga_2020_12.zip", 285.42M
"typeB_shimane_2020_12.zip", 239.88M
"typeB_shizuoka_2020_12.zip", 317.03M
"typeB_tokushima_2020_12.zip", 164.34M
"typeB_tokyo_2020_12.zip",   1.16G
"typeB_tottori_2020_12.zip", 282.3M
"typeB_toyama_2020_12.zip", 377.5M
"typeB_wakayama_2020_12.zip", 329.36M
"typeB_yamagata_2020_12.zip", 360.56M
"typeB_yamaguchi_2020_12.zip", 180.38M
"typeB_yamanashi_2020_12.zip", 100.77M
"typeB_ibaraki_2021_01.zip", 794.36M
"typeB_fukushima_2021_01.zip", 293.93M
"typeB_yamagata_2021_01.zip", 358.73M
"typeB_akita_2021_01.zip",  79.96M
"typeB_miyagi_2021_01.zip", 556.51M
"typeB_iwate_2021_01.zip", 655.04M
"typeB_aomori_2021_01.zip", 421.51M
"typeB_kitami_2021_01.zip", 188.25M
"typeB_kushiro_2021_01.zip", 303.58M
"typeB_asahikawa_2021_01.zip", 266.59M
"typeB_hakodate_2021_01.zip", 228.96M
"typeB_sapporo_2021_01.zip",   1.08G
"typeB_toyama_2021_01.zip", 364.99M
"typeB_niigata_2021_01.zip", 528.48M
"typeB_nagano_2021_01.zip", 679.42M
"typeB_yamanashi_2021_01.zip", 102.42M
"typeB_kanagawa_2021_01.zip",   1.52G
"typeB_tokyo_2021_01.zip",   1.12G
"typeB_chiba_2021_01.zip", 656.87M
"typeB_saitama_2021_01.zip", 705.41M
"typeB_gumma_2021_01.zip", 493.39M
"typeB_tochigi_2021_01.zip", 147.59M
"typeB_aichi_2021_01.zip", 352.62M
"typeB_fukui_2021_01.zip", 229.65M
"typeB_gifu_2021_01.zip", 157.85M
"typeB_hyogo_2021_01.zip", 483.97M
"typeB_ishikawa_2021_01.zip", 338.71M
"typeB_kyoto_2021_01.zip", 596.83M
"typeB_mie_2021_01.zip", 225.08M
"typeB_osaka_2021_01.zip",   1.11G
"typeB_shiga_2021_01.zip", 283.99M
"typeB_shizuoka_2021_01.zip", 319.59M
"typeB_ehime_2021_01.zip", 393.27M
"typeB_hiroshima_2021_01.zip", 179.81M
"typeB_kagawa_2021_01.zip", 171.11M
"typeB_nara_2021_01.zip", 750.92M
"typeB_okayama_2021_01.zip", 223.66M
"typeB_shimane_2021_01.zip", 235.65M
"typeB_tokushima_2021_01.zip", 163.12M
"typeB_tottori_2021_01.zip", 275.87M
"typeB_wakayama_2021_01.zip", 326.04M
"typeB_yamaguchi_2021_01.zip", 180.24M
"typeB_fukuoka_2021_01.zip",   1.2G
"typeB_kagoshima_2021_01.zip", 457.29M
"typeB_kochi_2021_01.zip", 260.1M
"typeB_kumamoto_2021_01.zip", 582.63M
"typeB_miyazaki_2021_01.zip", 382.49M
"typeB_nagasaki_2021_01.zip", 131.9M
"typeB_oita_2021_01.zip", 371.05M
"typeB_okinawa_2021_01.zip", 350.87M
"typeB_saga_2021_01.zip", 177.79M
"typeB_akita_2021_02.zip",  83.1M
"typeB_aomori_2021_02.zip", 377.86M
"typeB_asahikawa_2021_02.zip", 235.28M
"typeB_fukushima_2021_02.zip", 261.6M
"typeB_hakodate_2021_02.zip", 201.45M
"typeB_ibaraki_2021_02.zip", 695.34M
"typeB_iwate_2021_02.zip", 575.91M
"typeB_kitami_2021_02.zip", 166.45M
"typeB_kushiro_2021_02.zip", 270.31M
"typeB_miyagi_2021_02.zip", 489.34M
"typeB_sapporo_2021_02.zip", 976.18M
"typeB_yamagata_2021_02.zip", 318.28M
"typeB_niigata_2021_02.zip", 462.43M
"typeB_nagano_2021_02.zip", 602.01M
"typeB_fukui_2021_02.zip", 206.81M
"typeB_gifu_2021_02.zip", 139.19M
"typeB_ishikawa_2021_02.zip", 296.2M
"typeB_shizuoka_2021_02.zip", 279.31M
"typeB_aichi_2021_02.zip", 309.14M
"typeB_hyogo_2021_02.zip", 426M
"typeB_kyoto_2021_02.zip", 518.29M
"typeB_mie_2021_02.zip", 199.08M
"typeB_osaka_2021_02.zip",1020.76M
"typeB_shiga_2021_02.zip", 251.48M
"typeB_ehime_2021_02.zip", 348.67M
"typeB_fukuoka_2021_02.zip",   1.06G
"typeB_hiroshima_2021_02.zip", 159.59M
"typeB_kagawa_2021_02.zip", 149.21M
"typeB_kochi_2021_02.zip", 229.56M
"typeB_nara_2021_02.zip", 659.95M
"typeB_okayama_2021_02.zip", 199.14M
"typeB_saga_2021_02.zip", 155.31M
"typeB_shimane_2021_02.zip", 211.48M
"typeB_tokushima_2021_02.zip", 145.02M
"typeB_tottori_2021_02.zip", 244.25M
"typeB_wakayama_2021_02.zip", 285.5M
"typeB_yamaguchi_2021_02.zip", 161.16M
"typeB_kumamoto_2021_02.zip", 517.2M
"typeB_nagasaki_2021_02.zip", 117.93M
"typeB_kagoshima_2021_02.zip", 410.12M
"typeB_miyazaki_2021_02.zip", 338.01M
"typeB_oita_2021_02.zip", 327.91M
"typeB_okinawa_2021_02.zip", 310.23M
"typeB_tochigi_2021_02.zip",  12.39M
"typeB_tokyo_2021_02.zip", 214.43M
"typeB_yamanashi_2021_02.zip",   8.09M
"typeB_kanagawa_2021_02.zip", 268.58M
"typeB_gumma_2021_02.zip",  80.68M
"typeB_saitama_2021_02.zip", 117.87M
"typeB_chiba_2021_02.zip", 114.51M
"typeB_toyama_2021_02.zip", 325.78M
"typeB_akita_2021_03.zip",   6.93M
"typeB_aomori_2021_03.zip",  74.62M
"typeB_asahikawa_2021_03.zip",  21.83M
"typeB_fukushima_2021_03.zip",  54.51M
"typeB_hakodate_2021_03.zip",  20.37M
"typeB_ibaraki_2021_03.zip", 172.33M
"typeB_iwate_2021_03.zip", 139.38M
"typeB_kitami_2021_03.zip",  13.8M
"typeB_kushiro_2021_03.zip",  58.12M
"typeB_miyagi_2021_03.zip", 127.4M
"typeB_sapporo_2021_03.zip", 215.87M
"typeB_yamagata_2021_03.zip",  59.24M
"typeB_chiba_2021_03.zip", 125.99M
"typeB_gumma_2021_03.zip",  89.42M
"typeB_kanagawa_2021_03.zip", 297M
"typeB_nagano_2021_03.zip", 130.55M
"typeB_niigata_2021_03.zip",  95.7M
"typeB_saitama_2021_03.zip", 134.82M
"typeB_tochigi_2021_03.zip",  12.91M
"typeB_tokyo_2021_03.zip", 241.3M
"typeB_toyama_2021_03.zip",  69.86M
"typeB_yamanashi_2021_03.zip",   8.14M
"typeB_aichi_2021_03.zip",  55.27M
"typeB_fukui_2021_03.zip",  20.16M
"typeB_gifu_2021_03.zip",  14.22M
"typeB_hyogo_2021_03.zip", 101.9M
"typeB_ishikawa_2021_03.zip",  63.68M
"typeB_kyoto_2021_03.zip", 113.6M
"typeB_mie_2021_03.zip",  18.46M
"typeB_osaka_2021_03.zip", 256.03M
"typeB_shiga_2021_03.zip",  56.32M
"typeB_shizuoka_2021_03.zip",  63.99M
"typeB_ehime_2021_03.zip",  80.6M
"typeB_hiroshima_2021_03.zip",  15.46M
"typeB_kagawa_2021_03.zip",  15.07M
"typeB_nara_2021_03.zip", 141.4M
"typeB_okayama_2021_03.zip",  20.22M
"typeB_shimane_2021_03.zip",  21.79M
"typeB_tokushima_2021_03.zip",  14.23M
"typeB_tottori_2021_03.zip",  45.62M
"typeB_wakayama_2021_03.zip",  68.21M
"typeB_yamaguchi_2021_03.zip",  14.86M
"typeB_fukuoka_2021_03.zip", 258.33M
"typeB_kagoshima_2021_03.zip",  94.35M
"typeB_kochi_2021_03.zip",  34M
"typeB_kumamoto_2021_03.zip", 128.94M
"typeB_miyazaki_2021_03.zip",  78.45M
"typeB_nagasaki_2021_03.zip",  11.48M
"typeB_oita_2021_03.zip",  76.39M
"typeB_okinawa_2021_03.zip",  71.05M
"typeB_saga_2021_03.zip",  13.46M
"typeB_akita_2021_04.zip",   7.13M
"typeB_aomori_2021_04.zip",  72.06M
"typeB_fukushima_2021_04.zip",  53.04M
"typeB_ibaraki_2021_04.zip", 168.49M
"typeB_iwate_2021_04.zip", 134.92M
"typeB_kitami_2021_04.zip",  13.33M
"typeB_yamagata_2021_04.zip",  57.28M
"typeB_miyagi_2021_04.zip", 125.01M
"typeB_kushiro_2021_04.zip",  56.35M
"typeB_asahikawa_2021_04.zip",  21.21M
"typeB_hakodate_2021_04.zip",  19.6M
"typeB_sapporo_2021_04.zip", 207.17M
"typeB_toyama_2021_04.zip",  68.09M
"typeB_niigata_2021_04.zip",  92.56M
"typeB_nagano_2021_04.zip", 125.57M
"typeB_yamanashi_2021_04.zip",   7.79M
"typeB_kanagawa_2021_04.zip", 289.55M
"typeB_tokyo_2021_04.zip", 234.84M
"typeB_chiba_2021_04.zip", 121.84M
"typeB_saitama_2021_04.zip", 132.58M
"typeB_gumma_2021_04.zip",  86.82M
"typeB_tochigi_2021_04.zip",  12.61M
"typeB_hyogo_2021_04.zip",  99.04M
"typeB_osaka_2021_04.zip", 247.21M
"typeB_kyoto_2021_04.zip", 109.45M
"typeB_shiga_2021_04.zip",  54.63M
"typeB_mie_2021_04.zip",  17.81M
"typeB_aichi_2021_04.zip",  53.85M
"typeB_shizuoka_2021_04.zip",  61.17M
"typeB_gifu_2021_04.zip",  13.8M
"typeB_fukui_2021_04.zip",  19.55M
"typeB_ishikawa_2021_04.zip",  61.89M
"typeB_ehime_2021_04.zip",  77.39M
"typeB_kagawa_2021_04.zip",  14.54M
"typeB_tokushima_2021_04.zip",  13.71M
"typeB_yamaguchi_2021_04.zip",  14.39M
"typeB_hiroshima_2021_04.zip",  14.96M
"typeB_okayama_2021_04.zip",  19.59M
"typeB_shimane_2021_04.zip",  21.08M
"typeB_tottori_2021_04.zip",  45.21M
"typeB_wakayama_2021_04.zip",  65.84M
"typeB_nara_2021_04.zip", 136.36M
"typeB_okinawa_2021_04.zip",  68.38M
"typeB_kagoshima_2021_04.zip",  91.7M
"typeB_miyazaki_2021_04.zip",  77.21M
"typeB_oita_2021_04.zip",  74.24M
"typeB_kumamoto_2021_04.zip", 126.43M
"typeB_nagasaki_2021_04.zip",  11.04M
"typeB_saga_2021_04.zip",  13.09M
"typeB_fukuoka_2021_04.zip", 251.61M
"typeB_kochi_2021_04.zip",  32.57M
"typeB_aomori_2021_05.zip",  74.34M
"typeB_asahikawa_2021_05.zip",  21.84M
"typeB_hakodate_2021_05.zip",  20.32M
"typeB_iwate_2021_05.zip", 139.23M
"typeB_kitami_2021_05.zip",  13.7M
"typeB_kushiro_2021_05.zip",  58.33M
"typeB_miyagi_2021_05.zip", 129.51M
"typeB_sapporo_2021_05.zip", 216.56M
"typeB_akita_2021_05.zip",   7.51M
"typeB_chiba_2021_05.zip", 125.68M
"typeB_fukushima_2021_05.zip",  54.44M
"typeB_gumma_2021_05.zip",  89.49M
"typeB_ibaraki_2021_05.zip", 174.14M
"typeB_saitama_2021_05.zip", 136.62M
"typeB_tochigi_2021_05.zip",  12.98M
"typeB_yamagata_2021_05.zip",  59.17M
"typeB_aichi_2021_05.zip",  55.5M
"typeB_fukui_2021_05.zip",  20.14M
"typeB_gifu_2021_05.zip",  14.24M
"typeB_ishikawa_2021_05.zip",  63.84M
"typeB_kanagawa_2021_05.zip", 299.05M
"typeB_nagano_2021_05.zip", 129.5M
"typeB_niigata_2021_05.zip",  95.44M
"typeB_shizuoka_2021_05.zip",  62.81M
"typeB_tokyo_2021_05.zip", 240.09M
"typeB_toyama_2021_05.zip",  69.98M
"typeB_yamanashi_2021_05.zip",   8.13M
"typeB_hiroshima_2021_05.zip",  15.43M
"typeB_hyogo_2021_05.zip", 101.58M
"typeB_kyoto_2021_05.zip", 112.24M
"typeB_mie_2021_05.zip",  18.18M
"typeB_nara_2021_05.zip", 140.45M
"typeB_okayama_2021_05.zip",  20.19M
"typeB_osaka_2021_05.zip", 255.77M
"typeB_shiga_2021_05.zip",  56.4M
"typeB_shimane_2021_05.zip",  21.64M
"typeB_tottori_2021_05.zip",  46.03M
"typeB_wakayama_2021_05.zip",  68.14M
"typeB_ehime_2021_05.zip",  79.44M
"typeB_fukuoka_2021_05.zip", 259.31M
"typeB_kagawa_2021_05.zip",  14.96M
"typeB_kochi_2021_05.zip",  34.26M
"typeB_kumamoto_2021_05.zip", 130.91M
"typeB_miyazaki_2021_05.zip",  79.6M
"typeB_nagasaki_2021_05.zip",  11.33M
"typeB_oita_2021_05.zip",  76.38M
"typeB_saga_2021_05.zip",  13.52M
"typeB_tokushima_2021_05.zip",  14.09M
"typeB_yamaguchi_2021_05.zip",  14.84M
"typeB_kagoshima_2021_05.zip",  94.54M
"typeB_okinawa_2021_05.zip",  70.48M
"typeB_asahikawa_2021_06.zip",  21.15M
"typeB_hakodate_2021_06.zip",  19.63M
"typeB_kitami_2021_06.zip",  13.28M
"typeB_kushiro_2021_06.zip",  56.47M
"typeB_sapporo_2021_06.zip", 210.41M
"typeB_chiba_2021_06.zip", 121.44M
"typeB_saitama_2021_06.zip", 131.98M
"typeB_gumma_2021_06.zip",  86.74M
"typeB_tochigi_2021_06.zip",  13M
"typeB_ibaraki_2021_06.zip", 168.64M
"typeB_fukushima_2021_06.zip",  53.01M
"typeB_yamagata_2021_06.zip",  57.35M
"typeB_akita_2021_06.zip",   7.35M
"typeB_miyagi_2021_06.zip", 125.46M
"typeB_iwate_2021_06.zip", 134.49M
"typeB_aomori_2021_06.zip",  72.29M
"typeB_aichi_2021_06.zip",  53.82M
"typeB_shizuoka_2021_06.zip",  60.93M
"typeB_gifu_2021_06.zip",  13.9M
"typeB_fukui_2021_06.zip",  19.47M
"typeB_ishikawa_2021_06.zip",  62.01M
"typeB_toyama_2021_06.zip",  68.55M
"typeB_niigata_2021_06.zip",  92.18M
"typeB_nagano_2021_06.zip", 125.18M
"typeB_yamanashi_2021_06.zip",   7.9M
"typeB_kanagawa_2021_06.zip", 289.65M
"typeB_tokyo_2021_06.zip", 235.15M
"typeB_hiroshima_2021_06.zip",  14.97M
"typeB_okayama_2021_06.zip",  19.58M
"typeB_shimane_2021_06.zip",  20.96M
"typeB_tottori_2021_06.zip",  44.29M
"typeB_wakayama_2021_06.zip",  66.46M
"typeB_nara_2021_06.zip", 135.65M
"typeB_hyogo_2021_06.zip",  98.37M
"typeB_osaka_2021_06.zip", 248.28M
"typeB_kyoto_2021_06.zip", 109.32M
"typeB_shiga_2021_06.zip",  54.29M
"typeB_mie_2021_06.zip",  17.6M
"typeB_miyazaki_2021_06.zip",  77.3M
"typeB_oita_2021_06.zip",  74.04M
"typeB_kumamoto_2021_06.zip", 126.76M
"typeB_nagasaki_2021_06.zip",  10.98M
"typeB_saga_2021_06.zip",  13.13M
"typeB_fukuoka_2021_06.zip", 251.17M
"typeB_kochi_2021_06.zip",  33.61M
"typeB_ehime_2021_06.zip",  77.69M
"typeB_kagawa_2021_06.zip",  14.68M
"typeB_tokushima_2021_06.zip",  13.75M
"typeB_yamaguchi_2021_06.zip",  14.37M
"typeB_okinawa_2021_06.zip",  68.13M
"typeB_kagoshima_2021_06.zip",  90.98M
"typeB_kitami_2021_07.zip",  13.77M
"typeB_kushiro_2021_07.zip",  58.99M
"typeB_asahikawa_2021_07.zip",  21.96M
"typeB_hakodate_2021_07.zip",  20.25M
"typeB_sapporo_2021_07.zip", 215.12M
"typeB_chiba_2021_07.zip", 125.34M
"typeB_saitama_2021_07.zip", 136.57M
"typeB_gumma_2021_07.zip",  89.7M
"typeB_tochigi_2021_07.zip",  13.44M
"typeB_ibaraki_2021_07.zip", 174.37M
"typeB_fukushima_2021_07.zip",  54.8M
"typeB_yamagata_2021_07.zip",  59.32M
"typeB_akita_2021_07.zip",   7.64M
"typeB_miyagi_2021_07.zip", 129.5M
"typeB_iwate_2021_07.zip", 139.01M
"typeB_aomori_2021_07.zip",  74.81M
"typeB_aichi_2021_07.zip",  55.48M
"typeB_shizuoka_2021_07.zip",  63.11M
"typeB_gifu_2021_07.zip",  14.44M
"typeB_fukui_2021_07.zip",  20.21M
"typeB_ishikawa_2021_07.zip",  64.92M
"typeB_toyama_2021_07.zip",  71.7M
"typeB_niigata_2021_07.zip",  95.04M
"typeB_nagano_2021_07.zip", 130.04M
"typeB_yamanashi_2021_07.zip",   8.16M
"typeB_kanagawa_2021_07.zip", 299.14M
"typeB_tokyo_2021_07.zip", 194.44M
"typeB_hiroshima_2021_07.zip",  15.48M
"typeB_okayama_2021_07.zip",  20.24M
"typeB_shimane_2021_07.zip",  21.07M
"typeB_tottori_2021_07.zip",  45.69M
"typeB_wakayama_2021_07.zip",  68.43M
"typeB_nara_2021_07.zip", 139.32M
"typeB_hyogo_2021_07.zip", 101.65M
"typeB_osaka_2021_07.zip", 256.38M
"typeB_kyoto_2021_07.zip", 113.21M
"typeB_shiga_2021_07.zip",  56.44M
"typeB_mie_2021_07.zip",  18.16M
"typeB_okinawa_2021_07.zip",  70.37M
"typeB_kagoshima_2021_07.zip",  94.1M
"typeB_miyazaki_2021_07.zip",  79.79M
"typeB_oita_2021_07.zip",  76.52M
"typeB_kumamoto_2021_07.zip", 130.77M
"typeB_nagasaki_2021_07.zip",  11.34M
"typeB_saga_2021_07.zip",  13.57M
"typeB_fukuoka_2021_07.zip", 259.77M
"typeB_kochi_2021_07.zip",  34.72M
"typeB_ehime_2021_07.zip",  80.29M
"typeB_kagawa_2021_07.zip",  15.14M
"typeB_tokushima_2021_07.zip",  14.22M
"typeB_yamaguchi_2021_07.zip",  14.87M
"typeB_chiba_2021_08.zip", 125.21M
"typeB_saitama_2021_08.zip", 135.6M
"typeB_gumma_2021_08.zip",  89.22M
"typeB_tochigi_2021_08.zip",  13.22M
"typeB_ibaraki_2021_08.zip", 173.48M
"typeB_fukushima_2021_08.zip",  54.47M
"typeB_yamagata_2021_08.zip",  59.3M
"typeB_akita_2021_08.zip",   7.49M
"typeB_miyagi_2021_08.zip", 129.25M
"typeB_iwate_2021_08.zip", 138.73M
"typeB_aomori_2021_08.zip",  74.39M
"typeB_kitami_2021_08.zip",  13.72M
"typeB_kushiro_2021_08.zip",  58.59M
"typeB_asahikawa_2021_08.zip",  21.88M
"typeB_hakodate_2021_08.zip",  20.13M
"typeB_sapporo_2021_08.zip", 217.22M
"typeB_aichi_2021_08.zip",  55.39M
"typeB_shizuoka_2021_08.zip",  62.81M
"typeB_gifu_2021_08.zip",  14.25M
"typeB_fukui_2021_08.zip",  20.07M
"typeB_ishikawa_2021_08.zip",  64.73M
"typeB_toyama_2021_08.zip",  70.39M
"typeB_niigata_2021_08.zip",  94.91M
"typeB_nagano_2021_08.zip", 129.92M
"typeB_yamanashi_2021_08.zip",   8.15M
"typeB_kanagawa_2021_08.zip", 298.72M
"typeB_tokyo_2021_08.zip", 242.05M
"typeB_hiroshima_2021_08.zip",  15.41M
"typeB_okayama_2021_08.zip",  20.19M
"typeB_shimane_2021_08.zip",  21.56M
"typeB_tottori_2021_08.zip",  45.13M
"typeB_wakayama_2021_08.zip",  67.99M
"typeB_nara_2021_08.zip", 138.98M
"typeB_hyogo_2021_08.zip", 101.16M
"typeB_osaka_2021_08.zip", 255.84M
"typeB_kyoto_2021_08.zip", 112.46M
"typeB_shiga_2021_08.zip",  55.83M
"typeB_mie_2021_08.zip",  18.09M
"typeB_okinawa_2021_08.zip",  69.74M
"typeB_kagoshima_2021_08.zip",  93.19M
"typeB_miyazaki_2021_08.zip",  79.3M
"typeB_oita_2021_08.zip",  76.28M
"typeB_kumamoto_2021_08.zip", 130.68M
"typeB_nagasaki_2021_08.zip",  11.25M
"typeB_saga_2021_08.zip",  13.55M
"typeB_fukuoka_2021_08.zip", 256.71M
"typeB_kochi_2021_08.zip",  34.39M
"typeB_ehime_2021_08.zip",  79.75M
"typeB_kagawa_2021_08.zip",  15.09M
"typeB_tokushima_2021_08.zip",  14.19M
"typeB_yamaguchi_2021_08.zip",  14.76M
"typeB_asahikawa_2021_09.zip",  21.11M
"typeB_hakodate_2021_09.zip",  19.23M
"typeB_kitami_2021_09.zip",  13.21M
"typeB_kushiro_2021_09.zip",  56.45M
"typeB_sapporo_2021_09.zip", 209.77M
"typeB_akita_2021_09.zip",   7.24M
"typeB_aomori_2021_09.zip",  71.75M
"typeB_fukushima_2021_09.zip",  52.67M
"typeB_gumma_2021_09.zip",  86.36M
"typeB_ibaraki_2021_09.zip", 167.73M
"typeB_iwate_2021_09.zip", 133.52M
"typeB_miyagi_2021_09.zip", 125.19M
"typeB_saitama_2021_09.zip", 130.79M
"typeB_tochigi_2021_09.zip",  12.76M
"typeB_yamagata_2021_09.zip",  57.21M
"typeB_chiba_2021_09.zip", 120.78M
"typeB_fukui_2021_09.zip",  19.32M
"typeB_gifu_2021_09.zip",  13.68M
"typeB_ishikawa_2021_09.zip",  62.11M
"typeB_kanagawa_2021_09.zip", 289.23M
"typeB_nagano_2021_09.zip", 124.78M
"typeB_niigata_2021_09.zip",  91.48M
"typeB_tokyo_2021_09.zip", 234.75M
"typeB_toyama_2021_09.zip",  67.93M
"typeB_yamanashi_2021_09.zip",   7.86M
"typeB_aichi_2021_09.zip",  53.32M
"typeB_hyogo_2021_09.zip",  98.02M
"typeB_kyoto_2021_09.zip", 108.77M
"typeB_mie_2021_09.zip",  17.4M
"typeB_nara_2021_09.zip", 134.54M
"typeB_osaka_2021_09.zip", 246.63M
"typeB_shiga_2021_09.zip",  53.55M
"typeB_shizuoka_2021_09.zip",  61.13M
"typeB_tottori_2021_09.zip",  43.72M
"typeB_wakayama_2021_09.zip",  65.8M
"typeB_ehime_2021_09.zip",  76.86M
"typeB_fukuoka_2021_09.zip", 249.07M
"typeB_hiroshima_2021_09.zip",  14.85M
"typeB_kagawa_2021_09.zip",  14.56M
"typeB_kochi_2021_09.zip",  32.77M
"typeB_okayama_2021_09.zip",  19.59M
"typeB_saga_2021_09.zip",  13.14M
"typeB_shimane_2021_09.zip",  20.82M
"typeB_tokushima_2021_09.zip",  13.67M
"typeB_yamaguchi_2021_09.zip",  14.32M
"typeB_kagoshima_2021_09.zip",  89.95M
"typeB_kumamoto_2021_09.zip", 126.48M
"typeB_miyazaki_2021_09.zip",  76.6M
"typeB_nagasaki_2021_09.zip",  10.97M
"typeB_oita_2021_09.zip",  73.89M
"typeB_okinawa_2021_09.zip",  67.55M
"typeB_asahikawa_2021_10.zip",  22.02M
"typeB_hakodate_2021_10.zip",  19.8M
"typeB_kushiro_2021_10.zip",  58.21M
"typeB_sapporo_2021_10.zip", 216.48M
"typeB_akita_2021_10.zip",   7.53M
"typeB_aomori_2021_10.zip",  74.32M
"typeB_fukushima_2021_10.zip",  54.64M
"typeB_iwate_2021_10.zip", 137.37M
"typeB_kitami_2021_10.zip",  13.74M
"typeB_miyagi_2021_10.zip", 129.3M
"typeB_yamagata_2021_10.zip",  59.08M
"typeB_chiba_2021_10.zip", 124.4M
"typeB_gumma_2021_10.zip",  89.43M
"typeB_ibaraki_2021_10.zip", 173.37M
"typeB_kanagawa_2021_10.zip", 298.75M
"typeB_saitama_2021_10.zip", 135.39M
"typeB_tochigi_2021_10.zip",  13.31M
"typeB_tokyo_2021_10.zip", 240.82M
"typeB_yamanashi_2021_10.zip",   8.21M
"typeB_aichi_2021_10.zip",  55.25M
"typeB_fukui_2021_10.zip",  20.08M
"typeB_gifu_2021_10.zip",  14.2M
"typeB_ishikawa_2021_10.zip",  63.64M
"typeB_nagano_2021_10.zip", 129.38M
"typeB_niigata_2021_10.zip",  94.52M
"typeB_shizuoka_2021_10.zip",  63.03M
"typeB_toyama_2021_10.zip",  71.54M
"typeB_hyogo_2021_10.zip", 101.46M
"typeB_kyoto_2021_10.zip", 112.38M
"typeB_mie_2021_10.zip",  18.11M
"typeB_nara_2021_10.zip", 139.24M
"typeB_osaka_2021_10.zip", 253.15M
"typeB_shiga_2021_10.zip",  55.38M
"typeB_tottori_2021_10.zip",  46.92M
"typeB_wakayama_2021_10.zip",  67.88M
"typeB_ehime_2021_10.zip",  79.73M
"typeB_hiroshima_2021_10.zip",  15.37M
"typeB_kagawa_2021_10.zip",  15.09M
"typeB_kochi_2021_10.zip",  34.4M
"typeB_okayama_2021_10.zip",  20.28M
"typeB_shimane_2021_10.zip",  21.61M
"typeB_tokushima_2021_10.zip",  14.21M
"typeB_yamaguchi_2021_10.zip",  14.82M
"typeB_fukuoka_2021_10.zip", 258.66M
"typeB_kagoshima_2021_10.zip",  93.01M
"typeB_kumamoto_2021_10.zip", 130.07M
"typeB_miyazaki_2021_10.zip",  79.46M
"typeB_nagasaki_2021_10.zip",  11.36M
"typeB_oita_2021_10.zip",  76.37M
"typeB_okinawa_2021_10.zip",  70.3M
"typeB_saga_2021_10.zip",  13.6M
"typeB_sapporo_2021_11.zip", 208.66M
"typeB_kushiro_2021_11.zip",  56.05M
"typeB_hakodate_2021_11.zip",  18.96M
"typeB_asahikawa_2021_11.zip",  21.24M
"typeB_yamagata_2021_11.zip",  57.18M
"typeB_miyagi_2021_11.zip", 124.34M
"typeB_kitami_2021_11.zip",  13.31M
"typeB_iwate_2021_11.zip", 133.89M
"typeB_ibaraki_2021_11.zip", 166.91M
"typeB_fukushima_2021_11.zip",  52.94M
"typeB_aomori_2021_11.zip",  72.11M
"typeB_akita_2021_11.zip",   7.3M
"typeB_tochigi_2021_11.zip",  12.87M
"typeB_gumma_2021_11.zip",  86.31M
"typeB_saitama_2021_11.zip", 130.41M
"typeB_chiba_2021_11.zip", 120.37M
"typeB_tokyo_2021_11.zip", 237.32M
"typeB_yamanashi_2021_11.zip",   7.92M
"typeB_niigata_2021_11.zip",  91.32M
"typeB_nagano_2021_11.zip", 125.1M
"typeB_kanagawa_2021_11.zip", 286.99M
"typeB_aichi_2021_11.zip",  52.77M
"typeB_fukui_2021_11.zip",  19.54M
"typeB_gifu_2021_11.zip",  13.85M
"typeB_ishikawa_2021_11.zip",  61.95M
"typeB_kyoto_2021_11.zip", 109.45M
"typeB_mie_2021_11.zip",  17.69M
"typeB_shiga_2021_11.zip",  52.36M
"typeB_shizuoka_2021_11.zip",  60.48M
"typeB_toyama_2021_11.zip",  68.89M
"typeB_hiroshima_2021_11.zip",  14.85M
"typeB_hyogo_2021_11.zip",  97.38M
"typeB_nara_2021_11.zip", 134.51M
"typeB_okayama_2021_11.zip",  19.58M
"typeB_osaka_2021_11.zip", 244.89M
"typeB_shimane_2021_11.zip",  20.89M
"typeB_tottori_2021_11.zip",  45.24M
"typeB_wakayama_2021_11.zip",  65.19M
"typeB_yamaguchi_2021_11.zip",  14.37M
"typeB_ehime_2021_11.zip",  77.08M
"typeB_fukuoka_2021_11.zip", 249.91M
"typeB_kagawa_2021_11.zip",  14.64M
"typeB_kochi_2021_11.zip",  33.34M
"typeB_kumamoto_2021_11.zip", 125.35M
"typeB_nagasaki_2021_11.zip",  11.02M
"typeB_oita_2021_11.zip",  73.73M
"typeB_saga_2021_11.zip",  13.04M
"typeB_tokushima_2021_11.zip",  13.74M
"typeB_kagoshima_2021_11.zip",  89.56M
"typeB_miyazaki_2021_11.zip",  76.66M
"typeB_okinawa_2021_11.zip",  68.39M
"typeB_ibaraki_2021_12.zip", 170.88M
"typeB_fukushima_2021_12.zip",  53.75M
"typeB_yamagata_2021_12.zip",  59.09M
"typeB_akita_2021_12.zip",   7.55M
"typeB_miyagi_2021_12.zip", 128.66M
"typeB_iwate_2021_12.zip", 137.91M
"typeB_aomori_2021_12.zip",  73.97M
"typeB_kitami_2021_12.zip",  13.8M
"typeB_kushiro_2021_12.zip",  57.97M
"typeB_asahikawa_2021_12.zip",  21.98M
"typeB_hakodate_2021_12.zip",  19.75M
"typeB_sapporo_2021_12.zip", 212.94M
"typeB_niigata_2021_12.zip",  94.2M
"typeB_nagano_2021_12.zip", 128.05M
"typeB_yamanashi_2021_12.zip",   8.16M
"typeB_kanagawa_2021_12.zip", 298.49M
"typeB_tokyo_2021_12.zip", 248.42M
"typeB_chiba_2021_12.zip", 124.86M
"typeB_saitama_2021_12.zip", 135.34M
"typeB_gumma_2021_12.zip",  89.31M
"typeB_tochigi_2021_12.zip",  12.95M
"typeB_kyoto_2021_12.zip", 113.46M
"typeB_shiga_2021_12.zip",  51.28M
"typeB_mie_2021_12.zip",  18.2M
"typeB_aichi_2021_12.zip",  54.28M
"typeB_shizuoka_2021_12.zip",  62.51M
"typeB_gifu_2021_12.zip",  14.34M
"typeB_fukui_2021_12.zip",  20.21M
"typeB_ishikawa_2021_12.zip",  64.21M
"typeB_toyama_2021_12.zip",  71.14M
"typeB_yamaguchi_2021_12.zip",  14.87M
"typeB_hiroshima_2021_12.zip",  15.38M
"typeB_okayama_2021_12.zip",  20.25M
"typeB_shimane_2021_12.zip",  21.52M
"typeB_tottori_2021_12.zip",  45.84M
"typeB_wakayama_2021_12.zip",  67.18M
"typeB_nara_2021_12.zip", 137.96M
"typeB_hyogo_2021_12.zip", 101.21M
"typeB_osaka_2021_12.zip", 253.12M
"typeB_oita_2021_12.zip",  76.26M
"typeB_kumamoto_2021_12.zip", 130.38M
"typeB_nagasaki_2021_12.zip",  11.43M
"typeB_saga_2021_12.zip",  13.49M
"typeB_fukuoka_2021_12.zip", 257.24M
"typeB_kochi_2021_12.zip",  34.28M
"typeB_ehime_2021_12.zip",  79.82M
"typeB_kagawa_2021_12.zip",  15.16M
"typeB_tokushima_2021_12.zip",  14.23M
"typeB_okinawa_2021_12.zip",  70.57M
"typeB_kagoshima_2021_12.zip",  92.34M
"typeB_miyazaki_2021_12.zip",  79.31M
"typeB_kitami_2022_01.zip",  13.72M
"typeB_kushiro_2022_01.zip",  57.38M
"typeB_asahikawa_2022_01.zip",  21.66M
"typeB_hakodate_2022_01.zip",  19.58M
"typeB_sapporo_2022_01.zip", 206.29M
"typeB_saitama_2022_01.zip", 133.85M
"typeB_gumma_2022_01.zip",  88.49M
"typeB_tochigi_2022_01.zip",  12.7M
"typeB_ibaraki_2022_01.zip", 170.85M
"typeB_fukushima_2022_01.zip",  54.21M
"typeB_yamagata_2022_01.zip",  58.85M
"typeB_akita_2022_01.zip",   7.44M
"typeB_miyagi_2022_01.zip", 128.15M
"typeB_iwate_2022_01.zip", 136.61M
"typeB_aomori_2022_01.zip",  72.61M
"typeB_gifu_2022_01.zip",  14.07M
"typeB_fukui_2022_01.zip",  19.95M
"typeB_ishikawa_2022_01.zip",  63.44M
"typeB_toyama_2022_01.zip",  69.51M
"typeB_niigata_2022_01.zip",  93.45M
"typeB_nagano_2022_01.zip", 126.57M
"typeB_yamanashi_2022_01.zip",   8.02M
"typeB_kanagawa_2022_01.zip", 297.71M
"typeB_tokyo_2022_01.zip", 245.65M
"typeB_chiba_2022_01.zip", 124.13M
"typeB_tottori_2022_01.zip",  44.38M
"typeB_wakayama_2022_01.zip",  66.67M
"typeB_nara_2022_01.zip", 135.93M
"typeB_hyogo_2022_01.zip", 100.98M
"typeB_osaka_2022_01.zip", 251.3M
"typeB_kyoto_2022_01.zip", 113.05M
"typeB_shiga_2022_01.zip",  50.44M
"typeB_mie_2022_01.zip",  18.11M
"typeB_aichi_2022_01.zip",  54.18M
"typeB_shizuoka_2022_01.zip",  61.91M
"typeB_saga_2022_01.zip",  13.49M
"typeB_fukuoka_2022_01.zip", 253.54M
"typeB_kochi_2022_01.zip",  33.14M
"typeB_ehime_2022_01.zip",  79.26M
"typeB_kagawa_2022_01.zip",  15.04M
"typeB_tokushima_2022_01.zip",  14.16M
"typeB_yamaguchi_2022_01.zip",  14.74M
"typeB_hiroshima_2022_01.zip",  15.25M
"typeB_okayama_2022_01.zip",  20.16M
"typeB_shimane_2022_01.zip",  21.26M
"typeB_okinawa_2022_01.zip",  69.82M
"typeB_kagoshima_2022_01.zip",  91.76M
"typeB_miyazaki_2022_01.zip",  77.75M
"typeB_oita_2022_01.zip",  75.93M
"typeB_kumamoto_2022_01.zip", 129.08M
"typeB_nagasaki_2022_01.zip",  11.34M
"typeB_kanagawa_2022_02.zip", 269.18M
"typeB_okinawa_2022_02.zip",  62.55M
"typeB_kagoshima_2022_02.zip",  83.2M
"typeB_miyazaki_2022_02.zip",  71.09M
"typeB_oita_2022_02.zip",  68.25M
"typeB_nagasaki_2022_02.zip",  10.22M
"typeB_kumamoto_2022_02.zip", 117.11M
"typeB_saga_2022_02.zip",  12.14M
"typeB_fukuoka_2022_02.zip", 228.65M
"typeB_kochi_2022_02.zip",  26.65M
"typeB_ehime_2022_02.zip",  71.74M
"typeB_kagawa_2022_02.zip",  13.49M
"typeB_tokushima_2022_02.zip",  12.79M
"typeB_yamaguchi_2022_02.zip",  13.46M
"typeB_hiroshima_2022_02.zip",  13.8M
"typeB_okayama_2022_02.zip",  18.33M
"typeB_shimane_2022_02.zip",  18.91M
"typeB_tottori_2022_02.zip",  38.82M
"typeB_wakayama_2022_02.zip",  60.03M
"typeB_nara_2022_02.zip", 121.3M
"typeB_hyogo_2022_02.zip",  91.72M
"typeB_osaka_2022_02.zip", 226.86M
"typeB_kyoto_2022_02.zip", 102.48M
"typeB_shiga_2022_02.zip",  41.03M
"typeB_mie_2022_02.zip",  15.72M
"typeB_aichi_2022_02.zip",  48.76M
"typeB_shizuoka_2022_02.zip",  55.53M
"typeB_gifu_2022_02.zip",  12.7M
"typeB_fukui_2022_02.zip",  17.92M
"typeB_ishikawa_2022_02.zip",  56.63M
"typeB_toyama_2022_02.zip",  61.81M
"typeB_niigata_2022_02.zip",  83.94M
"typeB_yamanashi_2022_02.zip",   7.24M
"typeB_nagano_2022_02.zip", 113.38M
"typeB_tokyo_2022_02.zip", 221.31M
"typeB_chiba_2022_02.zip", 112.58M
"typeB_saitama_2022_02.zip", 118.23M
"typeB_gumma_2022_02.zip",  79.38M
"typeB_tochigi_2022_02.zip",  11.46M
"typeB_ibaraki_2022_02.zip", 154.5M
"typeB_fukushima_2022_02.zip",  48.55M
"typeB_yamagata_2022_02.zip",  52.98M
"typeB_akita_2022_02.zip",   6.74M
"typeB_miyagi_2022_02.zip", 115.47M
"typeB_iwate_2022_02.zip", 123.23M
"typeB_kitami_2022_02.zip",  12.36M
"typeB_aomori_2022_02.zip",  66.08M
"typeB_kushiro_2022_02.zip",  51.9M
"typeB_asahikawa_2022_02.zip",  19.72M
"typeB_hakodate_2022_02.zip",  17.56M
"typeB_sapporo_2022_02.zip", 182.68M
"typeB_kitami_2022_03.zip",  14.63M
"typeB_asahikawa_2022_03.zip",  23.71M
"typeB_hakodate_2022_03.zip",  20.66M
"typeB_kagoshima_2022_03.zip",  94.11M
"typeB_kumamoto_2022_03.zip", 130.91M
"typeB_kushiro_2022_03.zip",  59.63M
"typeB_miyazaki_2022_03.zip",  81.99M
"typeB_nagasaki_2022_03.zip",  12.51M
"typeB_oita_2022_03.zip",  77.44M
"typeB_okinawa_2022_03.zip",  70.86M
"typeB_sapporo_2022_03.zip", 215.63M
"typeB_saitama_2022_03.zip", 135.28M
"typeB_gumma_2022_03.zip",  91.24M
"typeB_tochigi_2022_03.zip",  13.73M
"typeB_ibaraki_2022_03.zip", 173.58M
"typeB_fukushima_2022_03.zip",  56.11M
"typeB_yamagata_2022_03.zip",  60.87M
"typeB_akita_2022_03.zip",   8.42M
"typeB_miyagi_2022_03.zip", 130.54M
"typeB_iwate_2022_03.zip", 139.84M
"typeB_aomori_2022_03.zip",  76.21M
"typeB_tottori_2022_03.zip",  44.63M
"typeB_wakayama_2022_03.zip",  68.45M
"typeB_nara_2022_03.zip", 136.66M
"typeB_hyogo_2022_03.zip", 103.18M
"typeB_osaka_2022_03.zip", 254.34M
"typeB_kyoto_2022_03.zip", 115.97M
"typeB_shiga_2022_03.zip",  52.21M
"typeB_mie_2022_03.zip",  18.76M
"typeB_aichi_2022_03.zip",  56M
"typeB_shizuoka_2022_03.zip",  63.99M
"typeB_gifu_2022_03.zip",  15.24M
"typeB_fukui_2022_03.zip",  21.23M
"typeB_ishikawa_2022_03.zip",  64.74M
"typeB_toyama_2022_03.zip",  71.6M
"typeB_nagano_2022_03.zip", 128.2M
"typeB_niigata_2022_03.zip",  96.49M
"typeB_yamanashi_2022_03.zip",   9.15M
"typeB_kanagawa_2022_03.zip", 306.34M
"typeB_tokyo_2022_03.zip", 251.85M
"typeB_chiba_2022_03.zip", 129.36M
"typeB_saga_2022_03.zip",  14.55M
"typeB_fukuoka_2022_03.zip", 259.33M
"typeB_kochi_2022_03.zip",  32.2M
"typeB_ehime_2022_03.zip",  80.74M
"typeB_kagawa_2022_03.zip",  16.05M
"typeB_tokushima_2022_03.zip",  15.18M
"typeB_yamaguchi_2022_03.zip",  15.91M
"typeB_hiroshima_2022_03.zip",  16.34M
"typeB_okayama_2022_03.zip",  21.69M
"typeB_shimane_2022_03.zip",  22.45M
"typeB_asahikawa_2022_04.zip",  23.2M
"typeB_hakodate_2022_04.zip",  20.22M
"typeB_kitami_2022_04.zip",  14.18M
"typeB_kushiro_2022_04.zip",  58.06M
"typeB_sapporo_2022_04.zip", 211.5M
"typeB_saitama_2022_04.zip", 134.78M
"typeB_gumma_2022_04.zip",  88.57M
"typeB_tochigi_2022_04.zip",  13.54M
"typeB_ibaraki_2022_04.zip", 170.19M
"typeB_fukushima_2022_04.zip",  54.45M
"typeB_yamagata_2022_04.zip",  59.18M
"typeB_akita_2022_04.zip",   8.16M
"typeB_miyagi_2022_04.zip", 127.52M
"typeB_iwate_2022_04.zip", 135.91M
"typeB_aomori_2022_04.zip",  73.84M
"typeB_gifu_2022_04.zip",  14.83M
"typeB_fukui_2022_04.zip",  20.55M
"typeB_toyama_2022_04.zip",  69.82M
"typeB_nagano_2022_04.zip", 124.6M
"typeB_yamanashi_2022_04.zip",   8.9M
"typeB_kanagawa_2022_04.zip", 297.16M
"typeB_tokyo_2022_04.zip", 244.42M
"typeB_chiba_2022_04.zip", 125.5M
"typeB_ishikawa_2022_04.zip",  63.73M
"typeB_niigata_2022_04.zip",  93.94M
"typeB_tottori_2022_04.zip",  42.87M
"typeB_wakayama_2022_04.zip",  67.06M
"typeB_nara_2022_04.zip", 132.74M
"typeB_hyogo_2022_04.zip",  99.78M
"typeB_osaka_2022_04.zip", 247.29M
"typeB_kyoto_2022_04.zip", 113.04M
"typeB_shiga_2022_04.zip",  51.8M
"typeB_mie_2022_04.zip",  18.08M
"typeB_aichi_2022_04.zip",  54.55M
"typeB_shizuoka_2022_04.zip",  61.95M
"typeB_saga_2022_04.zip",  14.09M
"typeB_fukuoka_2022_04.zip", 252.92M
"typeB_kochi_2022_04.zip",  31.34M
"typeB_ehime_2022_04.zip",  78.35M
"typeB_kagawa_2022_04.zip",  15.59M
"typeB_tokushima_2022_04.zip",  14.68M
"typeB_yamaguchi_2022_04.zip",  15.43M
"typeB_hiroshima_2022_04.zip",  15.79M
"typeB_okayama_2022_04.zip",  21.09M
"typeB_shimane_2022_04.zip",  21.83M
"typeB_okinawa_2022_04.zip",  68.54M
"typeB_kagoshima_2022_04.zip",  91.41M
"typeB_miyazaki_2022_04.zip",  79.3M
"typeB_oita_2022_04.zip",  74.86M
"typeB_kumamoto_2022_04.zip", 127.44M
"typeB_nagasaki_2022_04.zip",  12.1M
"typeB_sapporo_2022_05.zip", 219.63M
"typeB_kushiro_2022_05.zip",  60.06M
"typeB_asahikawa_2022_05.zip",  23.63M
"typeB_hakodate_2022_05.zip",  20.89M
"typeB_kitami_2022_05.zip",  14.67M
"typeB_yamanashi_2022_05.zip",   9.2M
"typeB_kanagawa_2022_05.zip", 306.8M
"typeB_tokyo_2022_05.zip", 251.7M
"typeB_chiba_2022_05.zip", 130.87M
"typeB_saitama_2022_05.zip", 139.45M
"typeB_gumma_2022_05.zip",  91.53M
"typeB_tochigi_2022_05.zip",  14.17M
"typeB_ibaraki_2022_05.zip", 175M
"typeB_fukushima_2022_05.zip",  55.99M
"typeB_akita_2022_05.zip",   8.48M
"typeB_yamagata_2022_05.zip",  60.49M
"typeB_miyagi_2022_05.zip", 131.37M
"typeB_iwate_2022_05.zip", 139.98M
"typeB_aomori_2022_05.zip",  76.44M
"typeB_osaka_2022_05.zip", 255.36M
"typeB_kyoto_2022_05.zip", 116.71M
"typeB_shiga_2022_05.zip",  53.67M
"typeB_mie_2022_05.zip",  18.66M
"typeB_aichi_2022_05.zip",  56.23M
"typeB_shizuoka_2022_05.zip",  63.88M
"typeB_gifu_2022_05.zip",  15.28M
"typeB_fukui_2022_05.zip",  21.11M
"typeB_ishikawa_2022_05.zip",  65.72M
"typeB_toyama_2022_05.zip",  72.11M
"typeB_niigata_2022_05.zip",  96.44M
"typeB_nagano_2022_05.zip", 128.8M
"typeB_kochi_2022_05.zip",  31.8M
"typeB_ehime_2022_05.zip",  81M
"typeB_kagawa_2022_05.zip",  16.12M
"typeB_tokushima_2022_05.zip",  15.17M
"typeB_hiroshima_2022_05.zip",  16.31M
"typeB_okayama_2022_05.zip",  21.76M
"typeB_yamaguchi_2022_05.zip",  15.87M
"typeB_shimane_2022_05.zip",  22.58M
"typeB_tottori_2022_05.zip",  44.18M
"typeB_wakayama_2022_05.zip",  68.69M
"typeB_nara_2022_05.zip", 137.31M
"typeB_hyogo_2022_05.zip", 103M
"typeB_okinawa_2022_05.zip",  70.66M
"typeB_kagoshima_2022_05.zip",  94.04M
"typeB_miyazaki_2022_05.zip",  81.72M
"typeB_oita_2022_05.zip",  77.11M
"typeB_kumamoto_2022_05.zip", 132.05M
"typeB_nagasaki_2022_05.zip",  12.48M
"typeB_saga_2022_05.zip",  14.62M
"typeB_fukuoka_2022_05.zip", 262.11M
"typeB_aichi_2022_06.zip",  54.74M
"typeB_akita_2022_06.zip",   8.25M
"typeB_aomori_2022_06.zip",  73.68M
"typeB_asahikawa_2022_06.zip",  23.04M
"typeB_chiba_2022_06.zip", 126.52M
"typeB_fukui_2022_06.zip",  20.5M
"typeB_fukushima_2022_06.zip",  54.22M
"typeB_gifu_2022_06.zip",  14.76M
"typeB_gumma_2022_06.zip",  88.74M
"typeB_hakodate_2022_06.zip",  20.44M
"typeB_ibaraki_2022_06.zip", 168.96M
"typeB_ishikawa_2022_06.zip",  63.88M
"typeB_iwate_2022_06.zip", 135.53M
"typeB_kanagawa_2022_06.zip", 297.5M
"typeB_kitami_2022_06.zip",  14.21M
"typeB_kushiro_2022_06.zip",  58.16M
"typeB_miyagi_2022_06.zip", 127.32M
"typeB_nagano_2022_06.zip", 124.38M
"typeB_niigata_2022_06.zip",  93.41M
"typeB_saitama_2022_06.zip", 135.73M
"typeB_sapporo_2022_06.zip", 212.91M
"typeB_shizuoka_2022_06.zip",  61.83M
"typeB_tochigi_2022_06.zip",  13.68M
"typeB_tokyo_2022_06.zip", 245.23M
"typeB_toyama_2022_06.zip",  70.01M
"typeB_yamagata_2022_06.zip",  58.32M
"typeB_yamanashi_2022_06.zip",   8.9M
"typeB_hiroshima_2022_06.zip",  15.84M
"typeB_hyogo_2022_06.zip",  99.13M
"typeB_kyoto_2022_06.zip", 112.75M
"typeB_mie_2022_06.zip",  18.11M
"typeB_nara_2022_06.zip", 132.92M
"typeB_okayama_2022_06.zip",  21.11M
"typeB_osaka_2022_06.zip", 248.19M
"typeB_shiga_2022_06.zip",  51.48M
"typeB_shimane_2022_06.zip",  21.74M
"typeB_tottori_2022_06.zip",  43M
"typeB_wakayama_2022_06.zip",  66.49M
"typeB_miyazaki_2022_06.zip",  79.12M
"typeB_oita_2022_06.zip",  74.63M
"typeB_kumamoto_2022_06.zip", 128.57M
"typeB_nagasaki_2022_06.zip",  12.06M
"typeB_saga_2022_06.zip",  14.15M
"typeB_fukuoka_2022_06.zip", 254.76M
"typeB_kochi_2022_06.zip",  32.27M
"typeB_ehime_2022_06.zip",  78.55M
"typeB_kagawa_2022_06.zip",  15.56M
"typeB_tokushima_2022_06.zip",  14.67M
"typeB_yamaguchi_2022_06.zip",  15.32M
"typeB_okinawa_2022_06.zip",  68.22M
"typeB_kagoshima_2022_06.zip",  90.91M
"typeB_chiba_2022_07.zip", 116.05M
"typeB_saitama_2022_07.zip", 140.41M
"typeB_gumma_2022_07.zip",  91.55M
"typeB_tochigi_2022_07.zip",  13.97M
"typeB_ibaraki_2022_07.zip", 174.25M
"typeB_fukushima_2022_07.zip",  55.85M
"typeB_yamagata_2022_07.zip",  60.21M
"typeB_akita_2022_07.zip",   8.54M
"typeB_miyagi_2022_07.zip", 131.31M
"typeB_iwate_2022_07.zip", 139.63M
"typeB_aomori_2022_07.zip",  76.74M
"typeB_kitami_2022_07.zip",  14.68M
"typeB_kushiro_2022_07.zip",  60.01M
"typeB_asahikawa_2022_07.zip",  24.41M
"typeB_hakodate_2022_07.zip",  21.15M
"typeB_sapporo_2022_07.zip", 220.29M
"typeB_aichi_2022_07.zip",  56.53M
"typeB_shizuoka_2022_07.zip",  63.51M
"typeB_gifu_2022_07.zip",  15.21M
"typeB_fukui_2022_07.zip",  21.21M
"typeB_ishikawa_2022_07.zip",  66.19M
"typeB_toyama_2022_07.zip",  72.21M
"typeB_niigata_2022_07.zip",  95.63M
"typeB_nagano_2022_07.zip", 128.37M
"typeB_yamanashi_2022_07.zip",   9.23M
"typeB_kanagawa_2022_07.zip", 307.28M
"typeB_tokyo_2022_07.zip", 252.73M
"typeB_hiroshima_2022_07.zip",  16.36M
"typeB_okayama_2022_07.zip",  21.81M
"typeB_shimane_2022_07.zip",  22.28M
"typeB_tottori_2022_07.zip",  44.81M
"typeB_wakayama_2022_07.zip",  68.74M
"typeB_nara_2022_07.zip", 137.22M
"typeB_hyogo_2022_07.zip", 102.74M
"typeB_osaka_2022_07.zip", 256.66M
"typeB_kyoto_2022_07.zip", 116.43M
"typeB_shiga_2022_07.zip",  34.39M
"typeB_mie_2022_07.zip",  18.72M
"typeB_miyazaki_2022_07.zip",  81.46M
"typeB_oita_2022_07.zip",  76.75M
"typeB_kumamoto_2022_07.zip", 132.62M
"typeB_nagasaki_2022_07.zip",  12.47M
"typeB_saga_2022_07.zip",  14.58M
"typeB_fukuoka_2022_07.zip", 262.12M
"typeB_kochi_2022_07.zip",  31.81M
"typeB_ehime_2022_07.zip",  81.18M
"typeB_kagawa_2022_07.zip",  15.96M
"typeB_tokushima_2022_07.zip",  15.22M
"typeB_yamaguchi_2022_07.zip",  15.82M
"typeB_okinawa_2022_07.zip",  70.35M
"typeB_kagoshima_2022_07.zip",  93.61M
"typeB_chiba_2022_08.zip", 128.18M
"typeB_saitama_2022_08.zip", 139.72M
"typeB_gumma_2022_08.zip",  91.05M
"typeB_tochigi_2022_08.zip",  13.82M
"typeB_ibaraki_2022_08.zip", 173.86M
"typeB_fukushima_2022_08.zip",  56.08M
"typeB_yamagata_2022_08.zip",  60.11M
"typeB_akita_2022_08.zip",   8.41M
"typeB_miyagi_2022_08.zip", 130.59M
"typeB_iwate_2022_08.zip", 139.06M
"typeB_aomori_2022_08.zip",  76.51M
"typeB_kitami_2022_08.zip",  14.64M
"typeB_kushiro_2022_08.zip",  59.88M
"typeB_asahikawa_2022_08.zip",  24.13M
"typeB_hakodate_2022_08.zip",  20.92M
"typeB_sapporo_2022_08.zip", 219.7M
"typeB_aichi_2022_08.zip",  56.45M
"typeB_shizuoka_2022_08.zip",  63.52M
"typeB_gifu_2022_08.zip",  15.18M
"typeB_fukui_2022_08.zip",  21.05M
"typeB_ishikawa_2022_08.zip",  65.8M
"typeB_toyama_2022_08.zip",  72.07M
"typeB_niigata_2022_08.zip",  96.39M
"typeB_yamanashi_2022_08.zip",   9.12M
"typeB_nagano_2022_08.zip", 127.84M
"typeB_kanagawa_2022_08.zip", 306.94M
"typeB_tokyo_2022_08.zip", 251.41M
"typeB_hiroshima_2022_08.zip",  16.36M
"typeB_okayama_2022_08.zip",  21.81M
"typeB_shimane_2022_08.zip",  22.22M
"typeB_tottori_2022_08.zip",  44.05M
"typeB_wakayama_2022_08.zip",  68.69M
"typeB_nara_2022_08.zip", 136.76M
"typeB_hyogo_2022_08.zip", 103M
"typeB_osaka_2022_08.zip", 255.75M
"typeB_kyoto_2022_08.zip", 116.49M
"typeB_shiga_2022_08.zip",  31.97M
"typeB_mie_2022_08.zip",  18.49M
"typeB_miyazaki_2022_08.zip",  81.51M
"typeB_oita_2022_08.zip",  75.48M
"typeB_kumamoto_2022_08.zip", 132.76M
"typeB_nagasaki_2022_08.zip",  12.46M
"typeB_saga_2022_08.zip",  14.52M
"typeB_fukuoka_2022_08.zip", 262.28M
"typeB_kochi_2022_08.zip",  29.49M
"typeB_ehime_2022_08.zip",  81.04M
"typeB_kagawa_2022_08.zip",  15.83M
"typeB_tokushima_2022_08.zip",  15.24M
"typeB_yamaguchi_2022_08.zip",  15.82M
"typeB_okinawa_2022_08.zip",  69.64M
"typeB_kagoshima_2022_08.zip",  93.42M
"typeB_aichi_2022_09.zip",  54.49M
"typeB_akita_2022_09.zip",   8.13M
"typeB_aomori_2022_09.zip",  73.68M
"typeB_asahikawa_2022_09.zip",  22.82M
"typeB_chiba_2022_09.zip", 126.51M
"typeB_ehime_2022_09.zip",  77.89M
"typeB_fukui_2022_09.zip",  20.34M
"typeB_fukuoka_2022_09.zip", 253.45M
"typeB_fukushima_2022_09.zip",  54.18M
"typeB_gifu_2022_09.zip",  14.66M
"typeB_gumma_2022_09.zip",  87.68M
"typeB_hakodate_2022_09.zip",  19.97M
"typeB_hiroshima_2022_09.zip",  15.84M
"typeB_hyogo_2022_09.zip",  99.78M
"typeB_ibaraki_2022_09.zip", 167.83M
"typeB_ishikawa_2022_09.zip",  63.92M
"typeB_iwate_2022_09.zip", 134.13M
"typeB_kagawa_2022_09.zip",  15.17M
"typeB_kagoshima_2022_09.zip",  89.88M
"typeB_kanagawa_2022_09.zip", 295.62M
"typeB_kitami_2022_09.zip",  14.2M
"typeB_kochi_2022_09.zip",  28.37M
"typeB_kumamoto_2022_09.zip", 128.3M
"typeB_kushiro_2022_09.zip",  57.62M
"typeB_kyoto_2022_09.zip", 112.35M
"typeB_mie_2022_09.zip",  17.88M
"typeB_miyagi_2022_09.zip", 126.17M
"typeB_miyazaki_2022_09.zip",  77.74M
"typeB_nagano_2022_09.zip", 122.69M
"typeB_nagasaki_2022_09.zip",  11.94M
"typeB_nara_2022_09.zip", 132.73M
"typeB_niigata_2022_09.zip",  92.71M
"typeB_oita_2022_09.zip",  73.3M
"typeB_okayama_2022_09.zip",  21.06M
"typeB_okinawa_2022_09.zip",  67.33M
"typeB_osaka_2022_09.zip", 247.43M
"typeB_saga_2022_09.zip",  14.03M
"typeB_saitama_2022_09.zip", 135.02M
"typeB_sapporo_2022_09.zip", 212.15M
"typeB_shiga_2022_09.zip",  31.47M
"typeB_shimane_2022_09.zip",  21.48M
"typeB_shizuoka_2022_09.zip",  60.9M
"typeB_tochigi_2022_09.zip",  13.41M
"typeB_tokushima_2022_09.zip",  14.69M
"typeB_tokyo_2022_09.zip", 243.82M
"typeB_tottori_2022_09.zip",  44.49M
"typeB_toyama_2022_09.zip",  69.69M
"typeB_wakayama_2022_09.zip",  66.25M
"typeB_yamagata_2022_09.zip",  57.96M
"typeB_yamaguchi_2022_09.zip",  15.23M
"typeB_yamanashi_2022_09.zip",   8.76M
"typeB_aichi_2022_10.zip",  55.87M
"typeB_akita_2022_10.zip",   8.4M
"typeB_aomori_2022_10.zip",  76.39M
"typeB_asahikawa_2022_10.zip",  23.4M
"typeB_chiba_2022_10.zip", 130.42M
"typeB_ehime_2022_10.zip",  80.48M
"typeB_fukui_2022_10.zip",  20.54M
"typeB_fukuoka_2022_10.zip", 261.33M
"typeB_fukushima_2022_10.zip",  55.98M
"typeB_gifu_2022_10.zip",  15.18M
"typeB_gumma_2022_10.zip",  90.91M
"typeB_hakodate_2022_10.zip",  20.51M
"typeB_hiroshima_2022_10.zip",  16.32M
"typeB_hyogo_2022_10.zip", 103.58M
"typeB_ibaraki_2022_10.zip", 173.43M
"typeB_ishikawa_2022_10.zip",  65.6M
"typeB_iwate_2022_10.zip", 137.51M
"typeB_kagawa_2022_10.zip",  15.82M
"typeB_kagoshima_2022_10.zip",  92.88M
"typeB_kanagawa_2022_10.zip", 306.12M
"typeB_kitami_2022_10.zip",  14.67M
"typeB_kochi_2022_10.zip",  29.16M
"typeB_kumamoto_2022_10.zip", 132.15M
"typeB_kushiro_2022_10.zip",  59.16M
"typeB_kyoto_2022_10.zip", 115.43M
"typeB_mie_2022_10.zip",  18.42M
"typeB_miyagi_2022_10.zip", 130.48M
"typeB_miyazaki_2022_10.zip",  80.81M
"typeB_nagano_2022_10.zip", 125.81M
"typeB_nagasaki_2022_10.zip",  12.36M
"typeB_nara_2022_10.zip", 137.17M
"typeB_niigata_2022_10.zip",  96.11M
"typeB_oita_2022_10.zip",  75.62M
"typeB_okayama_2022_10.zip",  21.71M
"typeB_okinawa_2022_10.zip",  69.3M
"typeB_osaka_2022_10.zip", 253.53M
"typeB_saga_2022_10.zip",  14.54M
"typeB_saitama_2022_10.zip", 139.06M
"typeB_sapporo_2022_10.zip", 218.64M
"typeB_shiga_2022_10.zip",  37.51M
"typeB_shimane_2022_10.zip",  22.3M
"typeB_tochigi_2022_10.zip",  13.71M
"typeB_shizuoka_2022_10.zip",  62.76M
"typeB_tokushima_2022_10.zip",  15.19M
"typeB_tokyo_2022_10.zip", 248.94M
"typeB_tottori_2022_10.zip",  43.25M
"typeB_toyama_2022_10.zip",  72.02M
"typeB_wakayama_2022_10.zip",  68.15M
"typeB_yamagata_2022_10.zip",  60.09M
"typeB_yamanashi_2022_10.zip",   9.05M
"typeB_yamaguchi_2022_10.zip",  15.76M
"typeB_chiba_2020_10.zip", 675.74M
"typeB_gumma_2020_10.zip", 496.49M
"typeB_hiroshima_2020_04.zip", 178.54M
"typeB_aichi_2020_01.zip", 354.85M
"typeB_akita_2020_01.zip", 103.28M
"typeB_aomori_2020_01.zip", 431.92M
"typeB_asahikawa_2020_01.zip", 271.77M
"typeB_chiba_2020_01.zip", 668.76M
"typeB_ehime_2020_01.zip", 402.06M
"typeB_fukui_2020_01.zip", 234.3M
"typeB_fukuoka_2020_01.zip",   1.23G
"typeB_fukushima_2020_01.zip", 295.46M
"typeB_gifu_2020_01.zip", 165.14M
"typeB_gumma_2020_01.zip", 497.2M
"typeB_hakodate_2020_01.zip", 242.41M
"typeB_hiroshima_2020_01.zip", 184.98M
"typeB_hyogo_2020_01.zip", 484.86M
"typeB_ibaraki_2020_01.zip", 804.08M
"typeB_ishikawa_2020_01.zip", 360.97M
"typeB_iwate_2020_01.zip", 665.96M
"typeB_kagawa_2020_01.zip", 172.18M
"typeB_kagoshima_2020_01.zip", 460.97M
"typeB_kanagawa_2020_01.zip",   1.53G
"typeB_kitami_2020_01.zip", 188.54M
"typeB_kochi_2020_01.zip", 262.25M
"typeB_kumamoto_2020_01.zip", 519.76M
"typeB_kushiro_2020_01.zip", 310.59M
"typeB_kyoto_2020_01.zip", 587.45M
"typeB_mie_2020_01.zip", 233.59M
"typeB_miyagi_2020_01.zip", 563.06M
"typeB_miyazaki_2020_01.zip", 374.29M
"typeB_nagano_2020_01.zip", 695.33M
"typeB_nagasaki_2020_01.zip", 132.34M
"typeB_nara_2020_01.zip", 767.74M
"typeB_niigata_2020_01.zip", 529.86M
"typeB_oita_2020_01.zip", 373.25M
"typeB_okayama_2020_01.zip", 226.79M
"typeB_okinawa_2020_01.zip", 358.48M
"typeB_osaka_2020_01.zip",   1.12G
"typeB_saga_2020_01.zip", 183.11M
"typeB_saitama_2020_01.zip", 720.32M
"typeB_sapporo_2020_01.zip",   1.1G
"typeB_shiga_2020_01.zip", 287.54M
"typeB_shimane_2020_01.zip", 249.12M
"typeB_shizuoka_2020_01.zip", 319.06M
"typeB_tochigi_2020_01.zip", 149.2M
"typeB_tokushima_2020_01.zip", 164.86M
"typeB_tokyo_2020_01.zip",   1.13G
"typeB_tottori_2020_01.zip", 286.55M
"typeB_toyama_2020_01.zip", 371.95M
"typeB_wakayama_2020_01.zip", 332.47M
"typeB_yamagata_2020_01.zip", 360.16M
"typeB_yamaguchi_2020_01.zip", 180.18M
"typeB_yamanashi_2020_01.zip", 105.5M
"typeB_aichi_2019_09.zip", 346.23M
"typeB_akita_2019_09.zip",  99.33M
"typeB_aomori_2019_09.zip", 421.99M
"typeB_asahikawa_2019_09.zip", 266.8M
"typeB_chiba_2019_09.zip", 673.75M
"typeB_ehime_2019_09.zip", 390.03M
"typeB_fukui_2019_09.zip", 231.76M
"typeB_fukuoka_2019_09.zip",   1.21G
"typeB_fukushima_2019_09.zip", 290.5M
"typeB_gifu_2019_09.zip", 157.7M
"typeB_gumma_2019_09.zip", 483.59M
"typeB_hakodate_2019_09.zip", 232.86M
"typeB_hiroshima_2019_09.zip", 181.52M
"typeB_hyogo_2019_09.zip", 490.51M
"typeB_ibaraki_2019_09.zip", 795.35M
"typeB_ishikawa_2019_09.zip", 357.22M
"typeB_iwate_2019_09.zip", 642.86M
"typeB_kagawa_2019_09.zip", 168.05M
"typeB_kagoshima_2019_09.zip", 444.09M
"typeB_kanagawa_2019_09.zip",   1.48G
"typeB_kitami_2019_09.zip", 181.91M
"typeB_kochi_2019_09.zip", 256.44M
"typeB_kumamoto_2019_09.zip", 509.11M
"typeB_kushiro_2019_09.zip", 303.5M
"typeB_kyoto_2019_09.zip", 569.03M
"typeB_mie_2019_09.zip", 224.45M
"typeB_miyagi_2019_09.zip", 547.78M
"typeB_miyazaki_2019_09.zip", 365.3M
"typeB_nagano_2019_09.zip", 699.25M
"typeB_nagasaki_2019_09.zip", 128.19M
"typeB_nara_2019_09.zip", 745.68M
"typeB_niigata_2019_09.zip", 516.45M
"typeB_oita_2019_09.zip", 363.97M
"typeB_okayama_2019_09.zip", 218.56M
"typeB_okinawa_2019_09.zip", 344.58M
"typeB_osaka_2019_09.zip",   1.1G
"typeB_saga_2019_09.zip", 180.68M
"typeB_saitama_2019_09.zip", 710.2M
"typeB_sapporo_2019_09.zip",   1.07G
"typeB_shiga_2019_09.zip", 279.08M
"typeB_shimane_2019_09.zip", 244.74M
"typeB_shizuoka_2019_09.zip", 317.76M
"typeB_tochigi_2019_09.zip", 150.32M
"typeB_tokushima_2019_09.zip", 156.9M
"typeB_tokyo_2019_09.zip", 512.12M
"typeB_tottori_2019_09.zip", 283.73M
"typeB_toyama_2019_09.zip", 370.14M
"typeB_wakayama_2019_09.zip", 333M
"typeB_yamagata_2019_09.zip", 346.83M
"typeB_yamaguchi_2019_09.zip", 176.91M
"typeB_yamanashi_2019_09.zip", 106.05M
"typeB_aichi_2019_10.zip", 357.91M
"typeB_akita_2019_10.zip", 102.55M
"typeB_aomori_2019_10.zip", 435.74M
"typeB_asahikawa_2019_10.zip", 275.2M
"typeB_chiba_2019_10.zip", 705.98M
"typeB_ehime_2019_10.zip", 402.61M
"typeB_fukui_2019_10.zip", 239.25M
"typeB_fukuoka_2019_10.zip",   1.24G
"typeB_fukushima_2019_10.zip", 297.51M
"typeB_gifu_2019_10.zip", 160.22M
"typeB_gumma_2019_10.zip", 498.66M
"typeB_hakodate_2019_10.zip", 240.51M
"typeB_hiroshima_2019_10.zip", 187.56M
"typeB_hyogo_2019_10.zip", 505.36M
"typeB_ibaraki_2019_10.zip", 813.68M
"typeB_ishikawa_2019_10.zip", 368.71M
"typeB_iwate_2019_10.zip", 663.17M
"typeB_kagawa_2019_10.zip", 173.63M
"typeB_kagoshima_2019_10.zip", 459M
"typeB_kanagawa_2019_10.zip",   1.52G
"typeB_kitami_2019_10.zip", 188.32M
"typeB_kochi_2019_10.zip", 264.27M
"typeB_kumamoto_2019_10.zip", 523.89M
"typeB_kushiro_2019_10.zip", 313.37M
"typeB_kyoto_2019_10.zip", 586.39M
"typeB_mie_2019_10.zip", 230.7M
"typeB_miyagi_2019_10.zip", 565.39M
"typeB_miyazaki_2019_10.zip", 375.67M
"typeB_nagano_2019_10.zip", 716.37M
"typeB_nagasaki_2019_10.zip", 132.26M
"typeB_nara_2019_10.zip", 769.46M
"typeB_niigata_2019_10.zip", 532.42M
"typeB_oita_2019_10.zip", 376.41M
"typeB_okayama_2019_10.zip", 224.83M
"typeB_okinawa_2019_10.zip", 354.21M
"typeB_osaka_2019_10.zip",   1.14G
"typeB_saga_2019_10.zip", 186.32M
"typeB_saitama_2019_10.zip", 727.63M
"typeB_sapporo_2019_10.zip",   1.1G
"typeB_shiga_2019_10.zip", 288.75M
"typeB_shimane_2019_10.zip", 252.7M
"typeB_shizuoka_2019_10.zip", 326.71M
"typeB_tochigi_2019_10.zip", 152.99M
"typeB_tokushima_2019_10.zip", 162.13M
"typeB_tokyo_2019_10.zip", 547.61M
"typeB_tottori_2019_10.zip", 289.27M
"typeB_toyama_2019_10.zip", 382.35M
"typeB_wakayama_2019_10.zip", 343.6M
"typeB_yamagata_2019_10.zip", 359.64M
"typeB_yamaguchi_2019_10.zip", 182.64M
"typeB_yamanashi_2019_10.zip", 108.31M
"typeB_aichi_2019_11.zip", 344.5M
"typeB_akita_2019_11.zip",  99.87M
"typeB_aomori_2019_11.zip", 420.16M
"typeB_asahikawa_2019_11.zip", 264.49M
"typeB_chiba_2019_11.zip", 673.89M
"typeB_ehime_2019_11.zip", 385.99M
"typeB_fukui_2019_11.zip", 229.92M
"typeB_fukuoka_2019_11.zip",   1.2G
"typeB_fukushima_2019_11.zip", 286.14M
"typeB_gifu_2019_11.zip", 153.2M
"typeB_gumma_2019_11.zip", 481.88M
"typeB_hakodate_2019_11.zip", 231.27M
"typeB_hiroshima_2019_11.zip", 179.55M
"typeB_hyogo_2019_11.zip", 479.84M
"typeB_ibaraki_2019_11.zip", 781.5M
"typeB_ishikawa_2019_11.zip", 350.77M
"typeB_iwate_2019_11.zip", 638.81M
"typeB_kagawa_2019_11.zip", 167.5M
"typeB_kagoshima_2019_11.zip", 443.9M
"typeB_kanagawa_2019_11.zip",   1.47G
"typeB_kitami_2019_11.zip", 182.64M
"typeB_kochi_2019_11.zip", 254.88M
"typeB_kumamoto_2019_11.zip", 506.99M
"typeB_kushiro_2019_11.zip", 301.14M
"typeB_kyoto_2019_11.zip", 565.77M
"typeB_mie_2019_11.zip", 224.87M
"typeB_miyagi_2019_11.zip", 545.27M
"typeB_miyazaki_2019_11.zip", 362.27M
"typeB_nagano_2019_11.zip", 690.94M
"typeB_nagasaki_2019_11.zip", 127.69M
"typeB_nara_2019_11.zip", 742.65M
"typeB_niigata_2019_11.zip", 514.42M
"typeB_oita_2019_11.zip", 361.45M
"typeB_okayama_2019_11.zip", 215.27M
"typeB_okinawa_2019_11.zip", 341.18M
"typeB_osaka_2019_11.zip",   1.08G
"typeB_saga_2019_11.zip", 178.92M
"typeB_saitama_2019_11.zip", 699.05M
"typeB_sapporo_2019_11.zip",   1.05G
"typeB_shiga_2019_11.zip", 277.47M
"typeB_shimane_2019_11.zip", 243.48M
"typeB_shizuoka_2019_11.zip", 316.61M
"typeB_tochigi_2019_11.zip", 148.66M
"typeB_tokushima_2019_11.zip", 156.87M
"typeB_tokyo_2019_11.zip",   1.1G
"typeB_tottori_2019_11.zip", 277.97M
"typeB_toyama_2019_11.zip", 368.16M
"typeB_wakayama_2019_11.zip", 329.57M
"typeB_yamagata_2019_11.zip", 347.53M
"typeB_yamaguchi_2019_11.zip", 175.73M
"typeB_yamanashi_2019_11.zip", 104.79M
"typeB_aichi_2019_08.zip", 357.87M
"typeB_akita_2019_08.zip", 104.03M
"typeB_aomori_2019_08.zip", 433.72M
"typeB_asahikawa_2019_08.zip", 275.07M
"typeB_chiba_2019_08.zip", 717.99M
"typeB_ehime_2019_08.zip", 408.5M
"typeB_fukui_2019_08.zip", 239.51M
"typeB_fukuoka_2019_08.zip",   1.25G
"typeB_fukushima_2019_08.zip", 300.76M
"typeB_gifu_2019_08.zip", 164.71M
"typeB_gumma_2019_08.zip", 496.62M
"typeB_hakodate_2019_08.zip", 243.9M
"typeB_hiroshima_2019_08.zip", 188.09M
"typeB_hyogo_2019_08.zip", 508.53M
"typeB_ibaraki_2019_08.zip", 828.84M
"typeB_ishikawa_2019_08.zip", 371.19M
"typeB_iwate_2019_08.zip", 665.43M
"typeB_kagawa_2019_08.zip", 173.59M
"typeB_kagoshima_2019_08.zip", 456.24M
"typeB_kanagawa_2019_08.zip",   1.53G
"typeB_kitami_2019_08.zip", 188M
"typeB_kochi_2019_08.zip", 266.85M
"typeB_kumamoto_2019_08.zip", 527.83M
"typeB_kushiro_2019_08.zip", 315.98M
"typeB_kyoto_2019_08.zip", 592.31M
"typeB_mie_2019_08.zip", 235.01M
"typeB_miyagi_2019_08.zip", 567.72M
"typeB_miyazaki_2019_08.zip", 379.13M
"typeB_nagano_2019_08.zip", 725.77M
"typeB_nagasaki_2019_08.zip", 132.09M
"typeB_nara_2019_08.zip", 770.34M
"typeB_niigata_2019_08.zip", 534.56M
"typeB_oita_2019_08.zip", 376.37M
"typeB_okayama_2019_08.zip", 226.96M
"typeB_okinawa_2019_08.zip", 357.08M
"typeB_osaka_2019_08.zip",   1.14G
"typeB_saga_2019_08.zip", 186.83M
"typeB_saitama_2019_08.zip", 731.26M
"typeB_sapporo_2019_08.zip",   1.11G
"typeB_shiga_2019_08.zip", 290.49M
"typeB_shimane_2019_08.zip", 256.02M
"typeB_shizuoka_2019_08.zip", 329.7M
"typeB_tochigi_2019_08.zip", 184.31M
"typeB_tokushima_2019_08.zip", 162.61M
"typeB_tokyo_2019_08.zip", 531.74M
"typeB_tottori_2019_08.zip", 295.13M
"typeB_toyama_2019_08.zip", 385.55M
"typeB_wakayama_2019_08.zip", 346.24M
"typeB_yamagata_2019_08.zip", 358.16M
"typeB_yamaguchi_2019_08.zip", 182.89M
"typeB_yamanashi_2019_08.zip", 109.85M
"typeB_aichi_2019_07.zip", 357.66M
"typeB_akita_2019_07.zip", 104.43M
"typeB_aomori_2019_07.zip", 436.39M
"typeB_asahikawa_2019_07.zip", 274.78M
"typeB_chiba_2019_07.zip", 715.87M
"typeB_ehime_2019_07.zip", 409.37M
"typeB_fukui_2019_07.zip", 240.95M
"typeB_fukuoka_2019_07.zip",   1.23G
"typeB_fukushima_2019_07.zip", 301.45M
"typeB_gifu_2019_07.zip", 165.09M
"typeB_gumma_2019_07.zip", 500.11M
"typeB_hakodate_2019_07.zip", 244.68M
"typeB_hiroshima_2019_07.zip", 187.79M
"typeB_hyogo_2019_07.zip", 508.94M
"typeB_ibaraki_2019_07.zip", 828.97M
"typeB_ishikawa_2019_07.zip", 373.44M
"typeB_iwate_2019_07.zip", 663.01M
"typeB_kagawa_2019_07.zip", 173.03M
"typeB_kagoshima_2019_07.zip", 454.27M
"typeB_kanagawa_2019_07.zip",   1.51G
"typeB_kitami_2019_07.zip", 188.04M
"typeB_kochi_2019_07.zip", 266.16M
"typeB_kumamoto_2019_07.zip", 533.1M
"typeB_kushiro_2019_07.zip", 315.79M
"typeB_kyoto_2019_07.zip", 594.51M
"typeB_mie_2019_07.zip", 235.58M
"typeB_miyagi_2019_07.zip", 568.9M
"typeB_miyazaki_2019_07.zip", 381.75M
"typeB_nagano_2019_07.zip", 730.89M
"typeB_nagasaki_2019_07.zip", 132.01M
"typeB_nara_2019_07.zip", 778.76M
"typeB_niigata_2019_07.zip", 533.12M
"typeB_oita_2019_07.zip", 376.88M
"typeB_okayama_2019_07.zip", 227.59M
"typeB_okinawa_2019_07.zip", 356.42M
"typeB_osaka_2019_07.zip",   1.41G
"typeB_saga_2019_07.zip", 186.5M
"typeB_saitama_2019_07.zip", 729.07M
"typeB_sapporo_2019_07.zip",   1.11G
"typeB_shiga_2019_07.zip", 291.31M
"typeB_shimane_2019_07.zip", 256.4M
"typeB_shizuoka_2019_07.zip", 330.6M
"typeB_tochigi_2019_07.zip", 188.94M
"typeB_tokushima_2019_07.zip", 162.8M
"typeB_tokyo_2019_07.zip", 528.15M
"typeB_tottori_2019_07.zip", 293.88M
"typeB_toyama_2019_07.zip", 383.44M
"typeB_wakayama_2019_07.zip", 347.59M
"typeB_yamagata_2019_07.zip", 360.81M
"typeB_yamaguchi_2019_07.zip", 182.32M
"typeB_yamanashi_2019_07.zip", 109.59M
"typeB_aichi_2019_06.zip", 346.9M
"typeB_akita_2019_06.zip", 101.21M
"typeB_aomori_2019_06.zip", 421.38M
"typeB_asahikawa_2019_06.zip", 265.56M
"typeB_chiba_2019_06.zip", 692.17M
"typeB_ehime_2019_06.zip", 396.77M
"typeB_fukui_2019_06.zip", 233.35M
"typeB_fukuoka_2019_06.zip",   1.05G
"typeB_fukushima_2019_06.zip", 291.71M
"typeB_gifu_2019_06.zip", 159.95M
"typeB_gumma_2019_06.zip", 487.31M
"typeB_hakodate_2019_06.zip", 236.03M
"typeB_hiroshima_2019_06.zip", 181.47M
"typeB_hyogo_2019_06.zip", 104.55M
"typeB_ibaraki_2019_06.zip", 802.04M
"typeB_ishikawa_2019_06.zip", 364.67M
"typeB_iwate_2019_06.zip", 640.24M
"typeB_kagawa_2019_06.zip", 167.46M
"typeB_kagoshima_2019_06.zip", 440.89M
"typeB_kanagawa_2019_06.zip",   1.49G
"typeB_kitami_2019_06.zip", 181.98M
"typeB_kochi_2019_06.zip", 258.66M
"typeB_kumamoto_2019_06.zip", 513.82M
"typeB_kushiro_2019_06.zip", 305.11M
"typeB_kyoto_2019_06.zip", 572.59M
"typeB_mie_2019_06.zip", 227.67M
"typeB_miyagi_2019_06.zip", 548.17M
"typeB_miyazaki_2019_06.zip", 370.03M
"typeB_nagano_2019_06.zip", 707.24M
"typeB_nagasaki_2019_06.zip", 127.79M
"typeB_nara_2019_06.zip", 754.91M
"typeB_niigata_2019_06.zip", 516.13M
"typeB_oita_2019_06.zip", 364.25M
"typeB_okayama_2019_06.zip", 219.84M
"typeB_okinawa_2019_06.zip", 346.04M
"typeB_osaka_2019_06.zip",   1.38G
"typeB_saga_2019_06.zip", 179.72M
"typeB_saitama_2019_06.zip", 703.63M
"typeB_sapporo_2019_06.zip",   1.08G
"typeB_shiga_2019_06.zip", 280.67M
"typeB_shimane_2019_06.zip", 249.84M
"typeB_shizuoka_2019_06.zip", 319.62M
"typeB_tochigi_2019_06.zip", 182.98M
"typeB_tokushima_2019_06.zip", 157.63M
"typeB_tokyo_2019_06.zip", 512.91M
"typeB_tottori_2019_06.zip", 284.49M
"typeB_toyama_2019_06.zip", 373.9M
"typeB_wakayama_2019_06.zip", 335.58M
"typeB_yamagata_2019_06.zip", 349.24M
"typeB_yamaguchi_2019_06.zip", 177.19M
"typeB_yamanashi_2019_06.zip", 105.97M
"typeB_aichi_2019_05.zip", 358.19M
"typeB_akita_2019_05.zip", 104.27M
"typeB_aomori_2019_05.zip", 431.7M
"typeB_asahikawa_2019_05.zip", 276.01M
"typeB_chiba_2019_05.zip", 714.45M
"typeB_ehime_2019_05.zip", 412.72M
"typeB_fukui_2019_05.zip", 241.5M
"typeB_fukuoka_2019_05.zip", 111.75M
"typeB_fukushima_2019_05.zip", 301.41M
"typeB_gifu_2019_05.zip", 165.1M
"typeB_gumma_2019_05.zip", 502.67M
"typeB_hakodate_2019_05.zip", 244.3M
"typeB_hiroshima_2019_05.zip", 187.05M
"typeB_hyogo_2019_05.zip", 504.95M
"typeB_ibaraki_2019_05.zip", 829.9M
"typeB_ishikawa_2019_05.zip", 374.3M
"typeB_iwate_2019_05.zip", 667.24M
"typeB_kagawa_2019_05.zip", 173.93M
"typeB_kagoshima_2019_05.zip", 455.74M
"typeB_kanagawa_2019_05.zip",   1.53G
"typeB_kitami_2019_05.zip", 187.94M
"typeB_kochi_2019_05.zip", 266.39M
"typeB_kumamoto_2019_05.zip", 529.69M
"typeB_kushiro_2019_05.zip", 312.98M
"typeB_kyoto_2019_05.zip", 576.94M
"typeB_mie_2019_05.zip", 234.61M
"typeB_miyagi_2019_05.zip", 551.9M
"typeB_miyazaki_2019_05.zip", 383.07M
"typeB_nagano_2019_05.zip", 725.76M
"typeB_nagasaki_2019_05.zip", 132.43M
"typeB_nara_2019_05.zip", 781.59M
"typeB_niigata_2019_05.zip", 526.52M
"typeB_oita_2019_05.zip", 377.7M
"typeB_okayama_2019_05.zip", 226.82M
"typeB_okinawa_2019_05.zip", 360.39M
"typeB_osaka_2019_05.zip",   1.42G
"typeB_saga_2019_05.zip", 187.45M
"typeB_saitama_2019_05.zip", 719.23M
"typeB_sapporo_2019_05.zip",   1.11G
"typeB_shiga_2019_05.zip", 287.09M
"typeB_shimane_2019_05.zip", 257.96M
"typeB_shizuoka_2019_05.zip", 329.68M
"typeB_tochigi_2019_05.zip", 188.21M
"typeB_tokushima_2019_05.zip", 162.43M
"typeB_tokyo_2019_05.zip", 555.84M
"typeB_tottori_2019_05.zip", 290.92M
"typeB_toyama_2019_05.zip", 383.31M
"typeB_wakayama_2019_05.zip", 347.52M
"typeB_yamagata_2019_05.zip", 359.66M
"typeB_yamaguchi_2019_05.zip", 183.48M
"typeB_yamanashi_2019_05.zip", 109.28M
"typeB_aichi_2019_04.zip", 347.1M
"typeB_akita_2019_04.zip", 100.97M
"typeB_aomori_2019_04.zip", 419.22M
"typeB_asahikawa_2019_04.zip", 267.1M
"typeB_chiba_2019_04.zip", 690.97M
"typeB_ehime_2019_04.zip", 399.16M
"typeB_fukui_2019_04.zip", 235.18M
"typeB_fukuoka_2019_04.zip",   1.21G
"typeB_fukushima_2019_04.zip", 292.02M
"typeB_gifu_2019_04.zip", 159.1M
"typeB_gumma_2019_04.zip", 486.97M
"typeB_hakodate_2019_04.zip", 238.46M
"typeB_hiroshima_2019_04.zip", 180.37M
"typeB_hyogo_2019_04.zip", 489.38M
"typeB_ibaraki_2019_04.zip", 803.11M
"typeB_ishikawa_2019_04.zip", 364.35M
"typeB_iwate_2019_04.zip", 645.36M
"typeB_kagawa_2019_04.zip", 167.63M
"typeB_kagoshima_2019_04.zip", 441.63M
"typeB_kanagawa_2019_04.zip",   1.49G
"typeB_kitami_2019_04.zip", 182.24M
"typeB_kochi_2019_04.zip", 257.5M
"typeB_kumamoto_2019_04.zip", 509.18M
"typeB_kushiro_2019_04.zip", 301.13M
"typeB_kyoto_2019_04.zip", 554.95M
"typeB_mie_2019_04.zip", 227.21M
"typeB_miyagi_2019_04.zip", 536.37M
"typeB_miyazaki_2019_04.zip", 371.57M
"typeB_nagano_2019_04.zip", 700.37M
"typeB_nagasaki_2019_04.zip", 128.08M
"typeB_nara_2019_04.zip", 757.38M
"typeB_niigata_2019_04.zip", 518.5M
"typeB_oita_2019_04.zip", 365.84M
"typeB_okayama_2019_04.zip", 220.44M
"typeB_okinawa_2019_04.zip", 349.89M
"typeB_osaka_2019_04.zip",   1.37G
"typeB_saga_2019_04.zip", 181.38M
"typeB_saitama_2019_04.zip", 703.28M
"typeB_sapporo_2019_04.zip",   1.07G
"typeB_shiga_2019_04.zip", 278.57M
"typeB_shimane_2019_04.zip", 250.72M
"typeB_shizuoka_2019_04.zip", 319.6M
"typeB_tochigi_2019_04.zip", 183.49M
"typeB_tokushima_2019_04.zip", 157.21M
"typeB_tokyo_2019_04.zip", 547.21M
"typeB_tottori_2019_04.zip", 282.43M
"typeB_toyama_2019_04.zip", 369.74M
"typeB_wakayama_2019_04.zip", 337.36M
"typeB_yamagata_2019_04.zip", 348.55M
"typeB_yamaguchi_2019_04.zip", 177.7M
"typeB_yamanashi_2019_04.zip", 105.16M
"typeB_aichi_2019_03.zip", 358.76M
"typeB_akita_2019_03.zip", 102.7M
"typeB_aomori_2019_03.zip", 436.93M
"typeB_asahikawa_2019_03.zip", 272.2M
"typeB_chiba_2019_03.zip", 711.71M
"typeB_ehime_2019_03.zip", 412M
"typeB_fukui_2019_03.zip", 240.24M
"typeB_fukuoka_2019_03.zip",   1.23G
"typeB_fukushima_2019_03.zip", 301.86M
"typeB_gifu_2019_03.zip", 164.72M
"typeB_gumma_2019_03.zip", 503.6M
"typeB_hakodate_2019_03.zip", 245.01M
"typeB_hiroshima_2019_03.zip", 187.09M
"typeB_hyogo_2019_03.zip", 505.92M
"typeB_ibaraki_2019_03.zip", 826.33M
"typeB_ishikawa_2019_03.zip", 375.43M
"typeB_iwate_2019_03.zip", 663.24M
"typeB_kagawa_2019_03.zip", 173.99M
"typeB_kagoshima_2019_03.zip", 456.85M
"typeB_kanagawa_2019_03.zip",   1.54G
"typeB_kitami_2019_03.zip", 188.34M
"typeB_kochi_2019_03.zip", 266.59M
"typeB_kumamoto_2019_03.zip", 516.19M
"typeB_kushiro_2019_03.zip", 308.89M
"typeB_kyoto_2019_03.zip", 568.01M
"typeB_mie_2019_03.zip", 232.41M
"typeB_miyagi_2019_03.zip", 553.23M
"typeB_miyazaki_2019_03.zip", 349.73M
"typeB_nagano_2019_03.zip", 726.1M
"typeB_nagasaki_2019_03.zip", 131.9M
"typeB_nara_2019_03.zip", 781.75M
"typeB_niigata_2019_03.zip", 544.87M
"typeB_oita_2019_03.zip", 379.14M
"typeB_okayama_2019_03.zip", 227.23M
"typeB_okinawa_2019_03.zip", 361.11M
"typeB_osaka_2019_03.zip",   1.41G
"typeB_saga_2019_03.zip", 187.02M
"typeB_saitama_2019_03.zip", 605.8M
"typeB_sapporo_2019_03.zip",   1.1G
"typeB_shiga_2019_03.zip", 287.74M
"typeB_shimane_2019_03.zip", 259.61M
"typeB_shizuoka_2019_03.zip", 329.82M
"typeB_tochigi_2019_03.zip", 188.34M
"typeB_tokushima_2019_03.zip", 162.43M
"typeB_tokyo_2019_03.zip", 551.52M
"typeB_tottori_2019_03.zip", 291.31M
"typeB_toyama_2019_03.zip", 376.95M
"typeB_wakayama_2019_03.zip", 349.63M
"typeB_yamagata_2019_03.zip", 360.09M
"typeB_yamaguchi_2019_03.zip", 183.61M
"typeB_yamanashi_2019_03.zip", 108.78M
"typeB_aichi_2019_02.zip", 321.23M
"typeB_akita_2019_02.zip",  95.62M
"typeB_aomori_2019_02.zip", 391.77M
"typeB_asahikawa_2019_02.zip", 244.68M
"typeB_chiba_2019_02.zip", 631.4M
"typeB_ehime_2019_02.zip", 369.88M
"typeB_fukui_2019_02.zip", 215.05M
"typeB_fukuoka_2019_02.zip",   1.1G
"typeB_fukushima_2019_02.zip", 273M
"typeB_gifu_2019_02.zip", 148.92M
"typeB_gumma_2019_02.zip", 453.32M
"typeB_hakodate_2019_02.zip", 220.34M
"typeB_hiroshima_2019_02.zip", 168.91M
"typeB_hyogo_2019_02.zip", 541.53M
"typeB_ibaraki_2019_02.zip", 738.44M
"typeB_ishikawa_2019_02.zip", 338.52M
"typeB_iwate_2019_02.zip", 595.58M
"typeB_kagawa_2019_02.zip", 156.73M
"typeB_kagoshima_2019_02.zip", 415.43M
"typeB_kanagawa_2019_02.zip",   1.38G
"typeB_kitami_2019_02.zip", 169.19M
"typeB_kochi_2019_02.zip", 234.79M
"typeB_kumamoto_2019_02.zip", 462.16M
"typeB_kushiro_2019_02.zip", 279.31M
"typeB_kyoto_2019_02.zip", 521.83M
"typeB_mie_2019_02.zip", 211.09M
"typeB_miyagi_2019_02.zip", 497.75M
"typeB_miyazaki_2019_02.zip", 340.15M
"typeB_nagano_2019_02.zip", 662.87M
"typeB_nagasaki_2019_02.zip", 119.63M
"typeB_nara_2019_02.zip", 705.13M
"typeB_niigata_2019_02.zip", 481.63M
"typeB_oita_2019_02.zip", 339.04M
"typeB_okayama_2019_02.zip", 203.07M
"typeB_okinawa_2019_02.zip", 327.1M
"typeB_osaka_2019_02.zip",   1.25G
"typeB_saga_2019_02.zip", 168.03M
"typeB_saitama_2019_02.zip", 494.72M
"typeB_sapporo_2019_02.zip",1006.23M
"typeB_shiga_2019_02.zip", 258.88M
"typeB_shimane_2019_02.zip", 233M
"typeB_shizuoka_2019_02.zip", 293.81M
"typeB_tochigi_2019_02.zip", 166.92M
"typeB_tokushima_2019_02.zip", 146.4M
"typeB_tokyo_2019_02.zip", 497.64M
"typeB_tottori_2019_02.zip", 262.18M
"typeB_toyama_2019_02.zip", 332.44M
"typeB_wakayama_2019_02.zip", 315.67M
"typeB_yamagata_2019_02.zip", 324.98M
"typeB_yamaguchi_2019_02.zip", 165.98M
"typeB_yamanashi_2019_02.zip",  95.65M
"typeB_aichi_2019_01.zip", 355.17M
"typeB_akita_2019_01.zip", 105.77M
"typeB_aomori_2019_01.zip", 437.02M
"typeB_asahikawa_2019_01.zip", 273.18M
"typeB_chiba_2019_01.zip", 711.05M
"typeB_ehime_2019_01.zip", 405.97M
"typeB_fukui_2019_01.zip", 236.71M
"typeB_fukuoka_2019_01.zip",   1.26G
"typeB_fukushima_2019_01.zip", 298.32M
"typeB_gifu_2019_01.zip", 164.03M
"typeB_gumma_2019_01.zip", 500.03M
"typeB_hakodate_2019_01.zip", 243.78M
"typeB_hiroshima_2019_01.zip", 186.62M
"typeB_hyogo_2019_01.zip", 604.94M
"typeB_ibaraki_2019_01.zip", 820.28M
"typeB_ishikawa_2019_01.zip", 379.81M
"typeB_iwate_2019_01.zip", 663.59M
"typeB_kagawa_2019_01.zip", 173.27M
"typeB_kagoshima_2019_01.zip", 460.58M
"typeB_kanagawa_2019_01.zip",   1.53G
"typeB_kitami_2019_01.zip", 185.84M
"typeB_kochi_2019_01.zip", 264.41M
"typeB_kumamoto_2019_01.zip", 509.6M
"typeB_kushiro_2019_01.zip", 311.92M
"typeB_kyoto_2019_01.zip", 577.51M
"typeB_mie_2019_01.zip", 233.15M
"typeB_miyagi_2019_01.zip", 552.43M
"typeB_miyazaki_2019_01.zip", 379.21M
"typeB_nagano_2019_01.zip", 734.62M
"typeB_nagasaki_2019_01.zip", 132.3M
"typeB_nara_2019_01.zip", 782.01M
"typeB_niigata_2019_01.zip", 545.94M
"typeB_oita_2019_01.zip", 375.46M
"typeB_okayama_2019_01.zip", 224.38M
"typeB_okinawa_2019_01.zip", 360.74M
"typeB_osaka_2019_01.zip",   1.37G
"typeB_saga_2019_01.zip", 186.83M
"typeB_saitama_2019_01.zip", 542.75M
"typeB_sapporo_2019_01.zip",   1.07G
"typeB_shiga_2019_01.zip", 285.5M
"typeB_shimane_2019_01.zip", 256.73M
"typeB_shizuoka_2019_01.zip", 328.51M
"typeB_tochigi_2019_01.zip", 186.35M
"typeB_tokushima_2019_01.zip", 161.84M
"typeB_tokyo_2019_01.zip", 549.18M
"typeB_tottori_2019_01.zip", 287.64M
"typeB_toyama_2019_01.zip", 378.4M
"typeB_wakayama_2019_01.zip", 348.92M
"typeB_yamagata_2019_01.zip", 360.55M
"typeB_yamaguchi_2019_01.zip", 184.22M
"typeB_yamanashi_2019_01.zip", 106.95M
